Timestamp,User Count,Type,Name,Requests/s,Failures/s,50%,66%,75%,80%,90%,95%,98%,99%,99.9%,99.99%,100%,Total Request Count,Total Failure Count,Total Median Response Time,Total Average Response Time,Total Min Response Time,Total Max Response Time,Total Average Content Size
1787609477,0,,Aggregated,0.000000,0.000000,N/A,N/A,N/A,N/A,N/A,N/A,N/A,N/A,N/A,N/A,N/A,0,0,0,0.0,0,0,0
1787609478,1,,Aggregated,0.000000,0.000000,N/A,N/A,N/A,N/A,N/A,N/A,N/A,N/A,N/A,N/A,N/A,0,0,0,0.0,0,0,0
1787609479,1,POST,/chat/completions,0.000000,0.000000,0,0,0,0,0,0,0,0,0,0,0,1,0,1226.8481999926735,1226.8481999926735,1226.8481999926735,1226.8481999926735,351.0
1787609479,1,,Aggregated,0.000000,0.000000,1200,1200,1200,1200,1200,1200,1200,1200,1200,1200,1200,1,0,1226.8481999926735,1226.8481999926735,1226.8481999926735,1226.8481999926735,351.0
1787609480,1,POST,/chat/completions,0.000000,0.000000,1200,1200,1200,1200,1200,1200,1200,1200,1200,1200,1200,2,0,1215.9834999765735,1221.4158499846235,1215.9834999765735,1226.8481999926735,351.0
1787609480,1,,Aggregated,0.000000,0.000000,1200,1200,1200,1200,1200,1200,1200,1200,1200,1200,1200,2,0,1215.9834999765735,1221.4158499846235,1215.9834999765735,1226.8481999926735,351.0
1787609481,1,POST,/chat/completions,0.500000,0.000000,1200,1200,1200,1200,1200,1200,1200,1200,1200,1200,1200,3,0,1215.9834999765735,1228.928499990919,1215.9834999765735,1243.95380000351,351.0
1787609481,1,,Aggregated,0.500000,0.000000,1200,1200,1200,1200,1200,1200,1200,1200,1200,1200,1200,3,0,1215.9834999765735,1228.928499990919,1215.9834999765735,1243.95380000351,351.0
1787609482,1,POST,/chat/completions,0.500000,0.000000,1200,1200,1200,1200,1200,1200,1200,1200,1200,1200,1200,3,0,1215.9834999765735,1228.928499990919,1215.9834999765735,1243.95380000351,351.0
1787609482,1,,Aggregated,0.500000,0.000000,1200,1200,1200,1200,1200,1200,1200,1200,1200,1200,1200,3,0,1215.9834999765735,1228.928499990919,1215.9834999765735,1243.95380000351,351.0
1787609483,1,POST,/chat/completions,0.333333,0.000000,1200,1200,1200,1200,1200,1200,1200,1200,1200,1200,1200,4,0,1200,1194.6504749867017,1091.81639997405,1243.95380000351,351.0
1787609483,1,,Aggregated,0.333333,0.000000,1200,1200,1200,1200,1200,1200,1200,1200,1200,1200,1200,4,0,1200,1194.6504749867017,1091.81639997405,1243.95380000351,351.0
1787609484,1,POST,/chat/completions,0.600000,0.000000,1200,1200,1200,1300,1300,1300,1300,1300,1300,1300,1300,5,0,1200,1218.9666399906855,1091.81639997405,1316.2313000066206,351.0
1787609484,1,,Aggregated,0.600000,0.000000,1200,1200,1200,1300,1300,1300,1300,1300,1300,1300,1300,5,0,1200,1218.9666399906855,1091.81639997405,1316.2313000066206,351.0
1787609485,1,POST,/chat/completions,0.666667,0.000000,1200,1200,1200,1200,1300,1300,1300,1300,1300,1300,1300,6,0,1200,1207.585299993904,1091.81639997405,1316.2313000066206,351.0
1787609485,1,,Aggregated,0.666667,0.000000,1200,1200,1200,1200,1300,1300,1300,1300,1300,1300,1300,6,0,1200,1207.585299993904,1091.81639997405,1316.2313000066206,351.0
1787609486,1,POST,/chat/completions,0.666667,0.000000,1200,1200,1200,1200,1300,1300,1300,1300,1300,1300,1300,6,0,1200,1207.585299993904,1091.81639997405,1316.2313000066206,351.0
1787609486,1,,Aggregated,0.666667,0.000000,1200,1200,1200,1200,1300,1300,1300,1300,1300,1300,1300,6,0,1200,1207.585299993904,1091.81639997405,1316.2313000066206,351.0
1787609487,1,POST,/chat/completions,0.571429,0.000000,1200,1200,1200,1200,1300,1300,1300,1300,1300,1300,1300,7,0,1200,1202.5433142802544,1091.81639997405,1316.2313000066206,351.0
1787609487,1,,Aggregated,0.571429,0.000000,1200,1200,1200,1200,1300,1300,1300,1300,1300,1300,1300,7,0,1200,1202.5433142802544,1091.81639997405,1316.2313000066206,351.0
1787609488,1,POST,/chat/completions,0.666667,0.000000,1200,1200,1200,1200,1300,1300,1300,1300,1300,1300,1300,8,0,1200,1193.5180499931448,1091.81639997405,1316.2313000066206,351.0
1787609488,1,,Aggregated,0.666667,0.000000,1200,1200,1200,1200,1300,1300,1300,1300,1300,1300,1300,8,0,1200,1193.5180499931448,1091.81639997405,1316.2313000066206,351.0
1787609489,1,POST,/chat/completions,0.700000,0.000000,1200,1200,1200,1200,1300,1300,1300,1300,1300,1300,1300,9,0,1200,1187.4523111036979,1091.81639997405,1316.2313000066206,351.0
1787609489,1,,Aggregated,0.700000,0.000000,1200,1200,1200,1200,1300,1300,1300,1300,1300,1300,1300,9,0,1200,1187.4523111036979,1091.81639997405,1316.2313000066206,351.0
1787609490,1,POST,/chat/completions,0.700000,0.000000,1200,1200,1200,1200,1300,1300,1300,1300,1300,1300,1300,9,0,1200,1187.4523111036979,1091.81639997405,1316.2313000066206,351.0
1787609490,1,,Aggregated,0.700000,0.000000,1200,1200,1200,1200,1300,1300,1300,1300,1300,1300,1300,9,0,1200,1187.4523111036979,1091.81639997405,1316.2313000066206,351.0
1787609491,1,POST,/chat/completions,0.700000,0.000000,1200,1200,1300,1300,1400,1400,1400,1400,1400,1400,1400,10,0,1200,1212.2966799943242,1091.81639997405,1435.8960000099614,351.0
1787609491,1,,Aggregated,0.700000,0.000000,1200,1200,1300,1300,1400,1400,1400,1400,1400,1400,1400,10,0,1200,1212.2966799943242,1091.81639997405,1435.8960000099614,351.0
1787609492,1,POST,/chat/completions,0.800000,0.000000,1200,1300,1300,1300,1400,1400,1400,1400,1400,1400,1400,11,0,1200,1216.3839545418423,1091.81639997405,1435.8960000099614,351.0
1787609492,1,,Aggregated,0.800000,0.000000,1200,1300,1300,1300,1400,1400,1400,1400,1400,1400,1400,11,0,1200,1216.3839545418423,1091.81639997405,1435.8960000099614,351.0
1787609493,1,POST,/chat/completions,0.800000,0.000000,1200,1300,1300,1300,1400,1400,1400,1400,1400,1400,1400,12,0,1200,1213.5112166627853,1091.81639997405,1435.8960000099614,351.0
1787609493,1,,Aggregated,0.800000,0.000000,1200,1300,1300,1300,1400,1400,1400,1400,1400,1400,1400,12,0,1200,1213.5112166627853,1091.81639997405,1435.8960000099614,351.0
1787609494,1,POST,/chat/completions,0.800000,0.000000,1200,1200,1300,1300,1400,1400,1400,1400,1400,1400,1400,12,0,1200,1213.5112166627853,1091.81639997405,1435.8960000099614,351.0
1787609494,1,,Aggregated,0.800000,0.000000,1200,1200,1300,1300,1400,1400,1400,1400,1400,1400,1400,12,0,1200,1213.5112166627853,1091.81639997405,1435.8960000099614,351.0
1787609495,1,POST,/chat/completions,0.700000,0.000000,1200,1300,1400,1400,1400,1400,1400,1400,1400,1400,1400,13,0,1200,1228.9843999964291,1091.81639997405,1435.8960000099614,351.0
1787609495,1,,Aggregated,0.700000,0.000000,1200,1300,1400,1400,1400,1400,1400,1400,1400,1400,1400,13,0,1200,1228.9843999964291,1091.81639997405,1435.8960000099614,351.0
1787609496,1,POST,/chat/completions,0.800000,0.000000,1300,1400,1400,1400,1400,1400,1400,1400,1400,1400,1400,14,0,1200,1238.2900428534153,1091.81639997405,1435.8960000099614,351.0
1787609496,1,,Aggregated,0.800000,0.000000,1300,1400,1400,1400,1400,1400,1400,1400,1400,1400,1400,14,0,1200,1238.2900428534153,1091.81639997405,1435.8960000099614,351.0
1787609497,1,POST,/chat/completions,0.700000,0.000000,1300,1400,1400,1400,1400,1400,1400,1400,1400,1400,1400,15,0,1200,1229.3008866622888,1091.81639997405,1435.8960000099614,351.0
1787609497,1,,Aggregated,0.700000,0.000000,1300,1400,1400,1400,1400,1400,1400,1400,1400,1400,1400,15,0,1200,1229.3008866622888,1091.81639997405,1435.8960000099614,351.0
1787609498,1,POST,/chat/completions,0.700000,0.000000,1300,1400,1400,1400,1400,1400,1400,1400,1400,1400,1400,15,0,1200,1229.3008866622888,1091.81639997405,1435.8960000099614,351.0
1787609498,1,,Aggregated,0.700000,0.000000,1300,1400,1400,1400,1400,1400,1400,1400,1400,1400,1400,15,0,1200,1229.3008866622888,1091.81639997405,1435.8960000099614,351.0
1787609499,1,POST,/chat/completions,0.700000,0.000000,1400,1400,1400,1400,1400,1400,1400,1400,1400,1400,1400,16,0,1200,1242.8738749949844,1091.81639997405,1446.4686999854166,351.0
1787609499,1,,Aggregated,0.700000,0.000000,1400,1400,1400,1400,1400,1400,1400,1400,1400,1400,1400,16,0,1200,1242.8738749949844,1091.81639997405,1446.4686999854166,351.0
1787609500,1,POST,/chat/completions,0.800000,0.000000,1400,1400,1400,1400,1400,1400,1400,1400,1400,1400,1400,17,0,1200,1251.8676411709748,1091.81639997405,1446.4686999854166,351.0
1787609500,1,,Aggregated,0.800000,0.000000,1400,1400,1400,1400,1400,1400,1400,1400,1400,1400,1400,17,0,1200,1251.8676411709748,1091.81639997405,1446.4686999854166,351.0
1787609501,1,POST,/chat/completions,0.800000,0.000000,1400,1400,1400,1400,1400,1400,1400,1400,1400,1400,1400,17,0,1200,1251.8676411709748,1091.81639997405,1446.4686999854166,351.0
1787609501,1,,Aggregated,0.800000,0.000000,1400,1400,1400,1400,1400,1400,1400,1400,1400,1400,1400,17,0,1200,1251.8676411709748,1091.81639997405,1446.4686999854166,351.0
1787609502,1,POST,/chat/completions,0.700000,0.000000,1400,1400,1400,1400,1400,1400,1400,1400,1400,1400,1400,18,0,1200,1250.241611105998,1091.81639997405,1446.4686999854166,351.0
1787609502,1,,Aggregated,0.700000,0.000000,1400,1400,1400,1400,1400,1400,1400,1400,1400,1400,1400,18,0,1200,1250.241611105998,1091.81639997405,1446.4686999854166,351.0
1787609503,1,POST,/chat/completions,0.700000,0.000000,1400,1400,1400,1400,1400,1400,1400,1400,1400,1400,1400,19,0,1200,1251.962205258774,1091.81639997405,1446.4686999854166,351.0
1787609503,1,,Aggregated,0.700000,0.000000,1400,1400,1400,1400,1400,1400,1400,1400,1400,1400,1400,19,0,1200,1251.962205258774,1091.81639997405,1446.4686999854166,351.0
1787609504,1,POST,/chat/completions,0.700000,0.000000,1400,1400,1400,1400,1400,1400,1400,1400,1400,1400,1400,20,0,1200,1247.061389996088,1091.81639997405,1446.4686999854166,351.0
1787609504,1,,Aggregated,0.700000,0.000000,1400,1400,1400,1400,1400,1400,1400,1400,1400,1400,1400,20,0,1200,1247.061389996088,1091.81639997405,1446.4686999854166,351.0
1787609505,1,POST,/chat/completions,0.700000,0.000000,1300,1400,1400,1400,1400,1400,1400,1400,1400,1400,1400,20,0,1200,1247.061389996088,1091.81639997405,1446.4686999854166,351.0
1787609505,1,,Aggregated,0.700000,0.000000,1300,1400,1400,1400,1400,1400,1400,1400,1400,1400,1400,20,0,1200,1247.061389996088,1091.81639997405,1446.4686999854166,351.0
1787609506,1,POST,/chat/completions,0.700000,0.000000,1300,1400,1400,1400,1400,1400,1400,1400,1400,1400,1400,21,0,1200,1254.0861333296302,1091.81639997405,1446.4686999854166,351.0
1787609506,1,,Aggregated,0.700000,0.000000,1300,1400,1400,1400,1400,1400,1400,1400,1400,1400,1400,21,0,1200,1254.0861333296302,1091.81639997405,1446.4686999854166,351.0
1787609507,1,POST,/chat/completions,0.800000,0.000000,1400,1400,1400,1400,1400,1400,1400,1400,1400,1400,1400,22,0,1200,1260.9012318148002,1091.81639997405,1446.4686999854166,351.0
1787609507,1,,Aggregated,0.800000,0.000000,1400,1400,1400,1400,1400,1400,1400,1400,1400,1400,1400,22,0,1200,1260.9012318148002,1091.81639997405,1446.4686999854166,351.0
1787609508,1,POST,/chat/completions,0.800000,0.000000,1400,1400,1400,1400,1400,1400,1400,1400,1400,1400,1400,22,0,1200,1260.9012318148002,1091.81639997405,1446.4686999854166,351.0
1787609508,1,,Aggregated,0.800000,0.000000,1400,1400,1400,1400,1400,1400,1400,1400,1400,1400,1400,22,0,1200,1260.9012318148002,1091.81639997405,1446.4686999854166,351.0
1787609509,1,POST,/chat/completions,0.700000,0.000000,1300,1400,1400,1400,1400,1400,1400,1400,1400,1400,1400,23,0,1200,1260.0160565191838,1091.81639997405,1446.4686999854166,351.0
1787609509,1,,Aggregated,0.700000,0.000000,1300,1400,1400,1400,1400,1400,1400,1400,1400,1400,1400,23,0,1200,1260.0160565191838,1091.81639997405,1446.4686999854166,351.0
1787609510,1,POST,/chat/completions,0.700000,0.000000,1300,1400,1400,1400,1400,1400,1400,1400,1400,1400,1400,24,0,1200,1258.5493708308302,1091.81639997405,1446.4686999854166,351.0
1787609510,1,,Aggregated,0.700000,0.000000,1300,1400,1400,1400,1400,1400,1400,1400,1400,1400,1400,24,0,1200,1258.5493708308302,1091.81639997405,1446.4686999854166,351.0
1787609511,1,POST,/chat/completions,0.700000,0.000000,1200,1300,1400,1400,1400,1400,1400,1400,1400,1400,1400,24,0,1200,1258.5493708308302,1091.81639997405,1446.4686999854166,351.0
1787609511,1,,Aggregated,0.700000,0.000000,1200,1300,1400,1400,1400,1400,1400,1400,1400,1400,1400,24,0,1200,1258.5493708308302,1091.81639997405,1446.4686999854166,351.0
1787609512,1,POST,/chat/completions,0.700000,0.000000,1300,1400,1400,1400,1500,1500,1500,1500,1500,1500,1500,25,0,1200,1266.2901599972975,1091.81639997405,1452.0690999925137,351.0
1787609512,1,,Aggregated,0.700000,0.000000,1300,1400,1400,1400,1500,1500,1500,1500,1500,1500,1500,25,0,1200,1266.2901599972975,1091.81639997405,1452.0690999925137,351.0
1787609513,1,POST,/chat/completions,0.700000,0.000000,1200,1400,1400,1400,1500,1500,1500,1500,1500,1500,1500,26,0,1200,1264.7238884595795,1091.81639997405,1452.0690999925137,351.0
1787609513,1,,Aggregated,0.700000,0.000000,1200,1400,1400,1400,1500,1500,1500,1500,1500,1500,1500,26,0,1200,1264.7238884595795,1091.81639997405,1452.0690999925137,351.0
1787609514,1,POST,/chat/completions,0.700000,0.000000,1200,1400,1400,1400,1500,1500,1500,1500,1500,1500,1500,27,0,1200,1264.1643444421115,1091.81639997405,1452.0690999925137,351.0
1787609514,1,,Aggregated,0.700000,0.000000,1200,1400,1400,1400,1500,1500,1500,1500,1500,1500,1500,27,0,1200,1264.1643444421115,1091.81639997405,1452.0690999925137,351.0
1787609515,1,POST,/chat/completions,0.700000,0.000000,1200,1400,1400,1400,1500,1500,1500,1500,1500,1500,1500,27,0,1200,1264.1643444421115,1091.81639997405,1452.0690999925137,351.0
1787609515,1,,Aggregated,0.700000,0.000000,1200,1400,1400,1400,1500,1500,1500,1500,1500,1500,1500,27,0,1200,1264.1643444421115,1091.81639997405,1452.0690999925137,351.0
1787609517,1,POST,/chat/completions,0.700000,0.000000,1200,1200,1400,1400,1500,1500,1500,1500,1500,1500,1500,28,0,1200,1258.9181571415143,1091.81639997405,1452.0690999925137,351.0
1787609517,1,,Aggregated,0.700000,0.000000,1200,1200,1400,1400,1500,1500,1500,1500,1500,1500,1500,28,0,1200,1258.9181571415143,1091.81639997405,1452.0690999925137,351.0
1787609518,1,POST,/chat/completions,0.700000,0.000000,1200,1200,1300,1300,1500,1500,1500,1500,1500,1500,1500,29,0,1200,1259.8831344813366,1091.81639997405,1452.0690999925137,351.0
1787609518,1,,Aggregated,0.700000,0.000000,1200,1200,1300,1300,1500,1500,1500,1500,1500,1500,1500,29,0,1200,1259.8831344813366,1091.81639997405,1452.0690999925137,351.0
1787609519,1,POST,/chat/completions,0.700000,0.000000,1200,1300,1400,1400,1500,1500,1500,1500,1500,1500,1500,30,0,1200,1266.214243331342,1091.81639997405,1452.0690999925137,351.0
1787609519,1,,Aggregated,0.700000,0.000000,1200,1300,1400,1400,1500,1500,1500,1500,1500,1500,1500,30,0,1200,1266.214243331342,1091.81639997405,1452.0690999925137,351.0
1787609520,1,POST,/chat/completions,0.700000,0.000000,1200,1300,1400,1400,1500,1500,1500,1500,1500,1500,1500,30,0,1200,1266.214243331342,1091.81639997405,1452.0690999925137,351.0
1787609520,1,,Aggregated,0.700000,0.000000,1200,1300,1400,1400,1500,1500,1500,1500,1500,1500,1500,30,0,1200,1266.214243331342,1091.81639997405,1452.0690999925137,351.0
1787609521,1,POST,/chat/completions,0.700000,0.000000,1200,1300,1400,1400,1500,1500,1500,1500,1500,1500,1500,31,0,1200,1262.4713548368984,1091.81639997405,1452.0690999925137,351.0
1787609521,1,,Aggregated,0.700000,0.000000,1200,1300,1400,1400,1500,1500,1500,1500,1500,1500,1500,31,0,1200,1262.4713548368984,1091.81639997405,1452.0690999925137,351.0
1787609522,1,POST,/chat/completions,0.800000,0.000000,1200,1300,1300,1300,1400,1400,1400,1400,1400,1400,1400,32,0,1200,1264.0472843731914,1091.81639997405,1452.0690999925137,351.0
1787609522,1,,Aggregated,0.800000,0.000000,1200,1300,1300,1300,1400,1400,1400,1400,1400,1400,1400,32,0,1200,1264.0472843731914,1091.81639997405,1452.0690999925137,351.0
1787609523,1,POST,/chat/completions,0.700000,0.000000,1300,1300,1300,1300,1400,1400,1400,1400,1400,1400,1400,33,0,1200,1263.8482848468068,1091.81639997405,1452.0690999925137,351.0
1787609523,1,,Aggregated,0.700000,0.000000,1300,1300,1300,1300,1400,1400,1400,1400,1400,1400,1400,33,0,1200,1263.8482848468068,1091.81639997405,1452.0690999925137,351.0
1787609524,1,POST,/chat/completions,0.700000,0.000000,1300,1300,1300,1300,1400,1400,1400,1400,1400,1400,1400,33,0,1200,1263.8482848468068,1091.81639997405,1452.0690999925137,351.0
1787609524,1,,Aggregated,0.700000,0.000000,1300,1300,1300,1300,1400,1400,1400,1400,1400,1400,1400,33,0,1200,1263.8482848468068,1091.81639997405,1452.0690999925137,351.0
1787609525,1,POST,/chat/completions,0.800000,0.000000,1300,1300,1300,1300,1400,1400,1400,1400,1400,1400,1400,34,0,1200,1259.6238147046224,1091.81639997405,1452.0690999925137,351.0
1787609525,1,,Aggregated,0.800000,0.000000,1300,1300,1300,1300,1400,1400,1400,1400,1400,1400,1400,34,0,1200,1259.6238147046224,1091.81639997405,1452.0690999925137,351.0
1787609526,1,POST,/chat/completions,0.700000,0.000000,1300,1300,1300,1300,1400,1400,1400,1400,1400,1400,1400,35,0,1200,1259.0713685702733,1091.81639997405,1452.0690999925137,351.0
1787609526,1,,Aggregated,0.700000,0.000000,1300,1300,1300,1300,1400,1400,1400,1400,1400,1400,1400,35,0,1200,1259.0713685702733,1091.81639997405,1452.0690999925137,351.0
1787609527,1,POST,/chat/completions,0.700000,0.000000,1300,1300,1400,1400,1400,1400,1400,1400,1400,1400,1400,36,0,1200,1263.747908331829,1091.81639997405,1452.0690999925137,351.0
1787609527,1,,Aggregated,0.700000,0.000000,1300,1300,1400,1400,1400,1400,1400,1400,1400,1400,1400,36,0,1200,1263.747908331829,1091.81639997405,1452.0690999925137,351.0
1787609528,1,POST,/chat/completions,0.700000,0.000000,1300,1300,1400,1400,1400,1400,1400,1400,1400,1400,1400,36,0,1200,1263.747908331829,1091.81639997405,1452.0690999925137,351.0
1787609528,1,,Aggregated,0.700000,0.000000,1300,1300,1400,1400,1400,1400,1400,1400,1400,1400,1400,36,0,1200,1263.747908331829,1091.81639997405,1452.0690999925137,351.0
1787609529,1,POST,/chat/completions,0.800000,0.000000,1300,1300,1400,1400,1400,1400,1400,1400,1400,1400,1400,37,0,1200,1267.607202700723,1091.81639997405,1452.0690999925137,351.0
1787609529,1,,Aggregated,0.800000,0.000000,1300,1300,1400,1400,1400,1400,1400,1400,1400,1400,1400,37,0,1200,1267.607202700723,1091.81639997405,1452.0690999925137,351.0
1787609530,1,POST,/chat/completions,0.700000,0.000000,1300,1300,1400,1400,1400,1400,1400,1400,1400,1400,1400,38,0,1200,1266.3194921034647,1091.81639997405,1452.0690999925137,351.0
1787609530,1,,Aggregated,0.700000,0.000000,1300,1300,1400,1400,1400,1400,1400,1400,1400,1400,1400,38,0,1200,1266.3194921034647,1091.81639997405,1452.0690999925137,351.0
1787609531,1,POST,/chat/completions,0.700000,0.000000,1300,1300,1400,1400,1400,1400,1400,1400,1400,1400,1400,38,0,1200,1266.3194921034647,1091.81639997405,1452.0690999925137,351.0
1787609531,1,,Aggregated,0.700000,0.000000,1300,1300,1400,1400,1400,1400,1400,1400,1400,1400,1400,38,0,1200,1266.3194921034647,1091.81639997405,1452.0690999925137,351.0
1787609532,1,POST,/chat/completions,0.700000,0.000000,1300,1300,1400,1400,1400,1400,1400,1400,1400,1400,1400,39,0,1200,1266.3592717935664,1091.81639997405,1452.0690999925137,351.0
1787609532,1,,Aggregated,0.700000,0.000000,1300,1300,1400,1400,1400,1400,1400,1400,1400,1400,1400,39,0,1200,1266.3592717935664,1091.81639997405,1452.0690999925137,351.0
1787609533,1,POST,/chat/completions,0.800000,0.000000,1200,1300,1400,1400,1400,1400,1400,1400,1400,1400,1400,40,0,1200,1265.4783924990625,1091.81639997405,1452.0690999925137,351.0
1787609533,1,,Aggregated,0.800000,0.000000,1200,1300,1400,1400,1400,1400,1400,1400,1400,1400,1400,40,0,1200,1265.4783924990625,1091.81639997405,1452.0690999925137,351.0
1787609534,1,POST,/chat/completions,0.700000,0.000000,1200,1300,1400,1400,1400,1400,1400,1400,1400,1400,1400,41,0,1200,1262.385839023542,1091.81639997405,1452.0690999925137,351.0
1787609534,1,,Aggregated,0.700000,0.000000,1200,1300,1400,1400,1400,1400,1400,1400,1400,1400,1400,41,0,1200,1262.385839023542,1091.81639997405,1452.0690999925137,351.0
1787609535,1,POST,/chat/completions,0.800000,0.000000,1200,1300,1400,1400,1400,1400,1400,1400,1400,1400,1400,42,0,1200,1259.6065404754231,1091.81639997405,1452.0690999925137,351.0
1787609535,1,,Aggregated,0.800000,0.000000,1200,1300,1400,1400,1400,1400,1400,1400,1400,1400,1400,42,0,1200,1259.6065404754231,1091.81639997405,1452.0690999925137,351.0
1787609536,1,POST,/chat/completions,0.800000,0.000000,1200,1300,1400,1400,1400,1400,1400,1400,1400,1400,1400,42,0,1200,1259.6065404754231,1091.81639997405,1452.0690999925137,351.0
1787609536,1,,Aggregated,0.800000,0.000000,1200,1300,1400,1400,1400,1400,1400,1400,1400,1400,1400,42,0,1200,1259.6065404754231,1091.81639997405,1452.0690999925137,351.0
1787609537,1,POST,/chat/completions,0.800000,0.000000,1200,1200,1300,1300,1400,1400,1400,1400,1400,1400,1400,43,0,1200,1255.9041465114162,1091.81639997405,1452.0690999925137,351.0
1787609537,1,,Aggregated,0.800000,0.000000,1200,1200,1300,1300,1400,1400,1400,1400,1400,1400,1400,43,0,1200,1255.9041465114162,1091.81639997405,1452.0690999925137,351.0
1787609538,2,POST,/chat/completions,0.700000,0.000000,1100,1200,1200,1200,1300,1300,1300,1300,1300,1300,1300,44,0,1200,1252.062409090947,1086.867700010771,1452.0690999925137,351.0
1787609538,2,,Aggregated,0.700000,0.000000,1100,1200,1200,1200,1300,1300,1300,1300,1300,1300,1300,44,0,1200,1252.062409090947,1086.867700010771,1452.0690999925137,351.0
1787609539,2,POST,/chat/completions,0.800000,0.000000,1200,1200,1300,1300,1400,1400,1400,1400,1400,1400,1400,45,0,1200,1256.0799177781316,1086.867700010771,1452.0690999925137,351.0
1787609539,2,,Aggregated,0.800000,0.000000,1200,1200,1300,1300,1400,1400,1400,1400,1400,1400,1400,45,0,1200,1256.0799177781316,1086.867700010771,1452.0690999925137,351.0
1787609540,2,POST,/chat/completions,0.800000,0.000000,1100,1200,1300,1300,1400,1400,1400,1400,1400,1400,1400,46,0,1200,1252.6356347826431,1086.867700010771,1452.0690999925137,351.0
1787609540,2,,Aggregated,0.800000,0.000000,1100,1200,1300,1300,1400,1400,1400,1400,1400,1400,1400,46,0,1200,1252.6356347826431,1086.867700010771,1452.0690999925137,351.0
1787609541,2,POST,/chat/completions,0.800000,0.000000,1100,1100,1200,1300,1400,1400,1400,1400,1400,1400,1400,48,0,1200,1249.5136020837283,1086.867700010771,1452.0690999925137,351.0
1787609541,2,,Aggregated,0.800000,0.000000,1100,1100,1200,1300,1400,1400,1400,1400,1400,1400,1400,48,0,1200,1249.5136020837283,1086.867700010771,1452.0690999925137,351.0
1787609542,2,POST,/chat/completions,0.700000,0.000000,1100,1200,1300,1400,1400,1400,1400,1400,1400,1400,1400,50,0,1200,1250.9489960008068,1086.867700010771,1452.0690999925137,351.0
1787609542,2,,Aggregated,0.700000,0.000000,1100,1200,1300,1400,1400,1400,1400,1400,1400,1400,1400,50,0,1200,1250.9489960008068,1086.867700010771,1452.0690999925137,351.0
1787609543,2,POST,/chat/completions,1.000000,0.000000,1100,1300,1400,1400,1400,1400,1400,1400,1400,1400,1400,51,0,1200,1253.3243823540854,1086.867700010771,1452.0690999925137,351.0
1787609543,2,,Aggregated,1.000000,0.000000,1100,1300,1400,1400,1400,1400,1400,1400,1400,1400,1400,51,0,1200,1253.3243823540854,1086.867700010771,1452.0690999925137,351.0
1787609544,2,POST,/chat/completions,1.000000,0.000000,1200,1300,1400,1400,1400,1400,1400,1400,1400,1400,1400,52,0,1200,1254.3307730778067,1086.867700010771,1452.0690999925137,351.0
1787609544,2,,Aggregated,1.000000,0.000000,1200,1300,1400,1400,1400,1400,1400,1400,1400,1400,1400,52,0,1200,1254.3307730778067,1086.867700010771,1452.0690999925137,351.0
1787609545,2,POST,/chat/completions,1.100000,0.000000,1300,1300,1400,1400,1400,1400,1400,1400,1400,1400,1400,54,0,1200,1255.6492777787046,1086.867700010771,1452.0690999925137,351.0
1787609545,2,,Aggregated,1.100000,0.000000,1300,1300,1400,1400,1400,1400,1400,1400,1400,1400,1400,54,0,1200,1255.6492777787046,1086.867700010771,1452.0690999925137,351.0
1787609546,2,POST,/chat/completions,1.100000,0.000000,1300,1300,1400,1400,1400,1400,1400,1400,1400,1400,1400,56,0,1200,1254.1460589298888,1086.867700010771,1452.0690999925137,351.0
1787609546,2,,Aggregated,1.100000,0.000000,1300,1300,1400,1400,1400,1400,1400,1400,1400,1400,1400,56,0,1200,1254.1460589298888,1086.867700010771,1452.0690999925137,351.0
1787609547,2,POST,/chat/completions,1.300000,0.000000,1200,1300,1400,1400,1400,1400,1400,1400,1400,1400,1400,58,0,1200,1248.8333965533268,1085.6503999966662,1452.0690999925137,351.0
1787609547,2,,Aggregated,1.300000,0.000000,1200,1300,1400,1400,1400,1400,1400,1400,1400,1400,1400,58,0,1200,1248.8333965533268,1085.6503999966662,1452.0690999925137,351.0
1787609548,2,POST,/chat/completions,1.300000,0.000000,1300,1300,1400,1400,1400,1400,1400,1400,1400,1400,1400,58,0,1200,1248.8333965533268,1085.6503999966662,1452.0690999925137,351.0
1787609548,2,,Aggregated,1.300000,0.000000,1300,1300,1400,1400,1400,1400,1400,1400,1400,1400,1400,58,0,1200,1248.8333965533268,1085.6503999966662,1452.0690999925137,351.0
1787609549,2,POST,/chat/completions,1.300000,0.000000,1300,1300,1400,1400,1400,1400,1400,1400,1400,1400,1400,60,0,1200,1250.7612116688204,1085.6503999966662,1452.0690999925137,351.0
1787609549,2,,Aggregated,1.300000,0.000000,1300,1300,1400,1400,1400,1400,1400,1400,1400,1400,1400,60,0,1200,1250.7612116688204,1085.6503999966662,1452.0690999925137,351.0
1787609550,2,POST,/chat/completions,1.400000,0.000000,1300,1300,1400,1400,1400,1400,1400,1400,1400,1400,1400,62,0,1200,1250.3945419373322,1085.6503999966662,1452.0690999925137,351.0
1787609550,2,,Aggregated,1.400000,0.000000,1300,1300,1400,1400,1400,1400,1400,1400,1400,1400,1400,62,0,1200,1250.3945419373322,1085.6503999966662,1452.0690999925137,351.0
1787609551,2,POST,/chat/completions,1.600000,0.000000,1200,1300,1400,1400,1400,1400,1400,1400,1400,1400,1400,63,0,1200,1249.101517461924,1085.6503999966662,1452.0690999925137,351.0
1787609551,2,,Aggregated,1.600000,0.000000,1200,1300,1400,1400,1400,1400,1400,1400,1400,1400,1400,63,0,1200,1249.101517461924,1085.6503999966662,1452.0690999925137,351.0
1787609552,2,POST,/chat/completions,1.600000,0.000000,1300,1300,1400,1400,1400,1400,1400,1400,1400,1400,1400,64,0,1200,1251.598256251782,1085.6503999966662,1452.0690999925137,351.0
1787609552,2,,Aggregated,1.600000,0.000000,1300,1300,1400,1400,1400,1400,1400,1400,1400,1400,1400,64,0,1200,1251.598256251782,1085.6503999966662,1452.0690999925137,351.0
1787609553,2,POST,/chat/completions,1.500000,0.000000,1200,1300,1300,1400,1400,1400,1400,1400,1400,1400,1400,66,0,1200,1249.938484850149,1085.6503999966662,1452.0690999925137,351.0
1787609553,2,,Aggregated,1.500000,0.000000,1200,1300,1300,1400,1400,1400,1400,1400,1400,1400,1400,66,0,1200,1249.938484850149,1085.6503999966662,1452.0690999925137,351.0
1787609554,2,POST,/chat/completions,1.400000,0.000000,1200,1300,1300,1300,1400,1400,1400,1400,1400,1400,1400,68,0,1200,1249.169070589928,1085.6503999966662,1452.0690999925137,351.0
1787609554,2,,Aggregated,1.400000,0.000000,1200,1300,1300,1300,1400,1400,1400,1400,1400,1400,1400,68,0,1200,1249.169070589928,1085.6503999966662,1452.0690999925137,351.0
1787609555,2,POST,/chat/completions,1.400000,0.000000,1200,1300,1300,1300,1400,1400,1400,1400,1400,1400,1400,68,0,1200,1249.169070589928,1085.6503999966662,1452.0690999925137,351.0
1787609555,2,,Aggregated,1.400000,0.000000,1200,1300,1300,1300,1400,1400,1400,1400,1400,1400,1400,68,0,1200,1249.169070589928,1085.6503999966662,1452.0690999925137,351.0
1787609556,2,POST,/chat/completions,1.600000,0.000000,1300,1300,1400,1400,1400,1500,1500,1500,1500,1500,1500,70,0,1200,1254.9031628586818,1085.6503999966662,1452.0690999925137,351.0
1787609556,2,,Aggregated,1.600000,0.000000,1300,1300,1400,1400,1400,1500,1500,1500,1500,1500,1500,70,0,1200,1254.9031628586818,1085.6503999966662,1452.0690999925137,351.0
1787609557,2,POST,/chat/completions,1.400000,0.000000,1300,1400,1400,1400,1400,1500,1500,1500,1500,1500,1500,72,0,1200,1257.4852541680837,1085.6503999966662,1452.0690999925137,351.0
1787609557,2,,Aggregated,1.400000,0.000000,1300,1400,1400,1400,1400,1500,1500,1500,1500,1500,1500,72,0,1200,1257.4852541680837,1085.6503999966662,1452.0690999925137,351.0
1787609558,2,POST,/chat/completions,1.500000,0.000000,1300,1400,1400,1400,1500,1500,1500,1500,1500,1500,1500,73,0,1200,1260.3054561661015,1085.6503999966662,1463.3600000233855,351.0
1787609558,2,,Aggregated,1.500000,0.000000,1300,1400,1400,1400,1500,1500,1500,1500,1500,1500,1500,73,0,1200,1260.3054561661015,1085.6503999966662,1463.3600000233855,351.0
1787609559,2,POST,/chat/completions,1.500000,0.000000,1300,1400,1400,1500,1500,1500,1500,1500,1500,1500,1500,74,0,1200,1263.005600001732,1085.6503999966662,1463.3600000233855,351.0
1787609559,2,,Aggregated,1.500000,0.000000,1300,1400,1400,1500,1500,1500,1500,1500,1500,1500,1500,74,0,1200,1263.005600001732,1085.6503999966662,1463.3600000233855,351.0
1787609560,2,POST,/chat/completions,1.400000,0.000000,1400,1400,1400,1500,1500,1500,1500,1500,1500,1500,1500,76,0,1200,1262.4146697386382,1085.6503999966662,1463.3600000233855,351.0
1787609560,2,,Aggregated,1.400000,0.000000,1400,1400,1400,1500,1500,1500,1500,1500,1500,1500,1500,76,0,1200,1262.4146697386382,1085.6503999966662,1463.3600000233855,351.0
1787609561,2,POST,/chat/completions,1.400000,0.000000,1300,1400,1400,1500,1500,1500,1500,1500,1500,1500,1500,77,0,1200,1261.6161337680207,1085.6503999966662,1463.3600000233855,351.0
1787609561,2,,Aggregated,1.400000,0.000000,1300,1400,1400,1500,1500,1500,1500,1500,1500,1500,1500,77,0,1200,1261.6161337680207,1085.6503999966662,1463.3600000233855,351.0
1787609562,2,POST,/chat/completions,1.400000,0.000000,1400,1400,1500,1500,1500,1500,1500,1500,1500,1500,1500,78,0,1200,1262.2618435912627,1085.6503999966662,1463.3600000233855,351.0
1787609562,2,,Aggregated,1.400000,0.000000,1400,1400,1500,1500,1500,1500,1500,1500,1500,1500,1500,78,0,1200,1262.2618435912627,1085.6503999966662,1463.3600000233855,351.0
1787609563,2,POST,/chat/completions,1.400000,0.000000,1300,1400,1400,1500,1500,1500,1500,1500,1500,1500,1500,80,0,1200,1261.421040001369,1085.6503999966662,1463.3600000233855,351.0
1787609563,2,,Aggregated,1.400000,0.000000,1300,1400,1400,1500,1500,1500,1500,1500,1500,1500,1500,80,0,1200,1261.421040001369,1085.6503999966662,1463.3600000233855,351.0
1787609564,2,POST,/chat/completions,1.400000,0.000000,1400,1400,1400,1500,1500,1500,1500,1500,1500,1500,1500,82,0,1200,1262.9275329282548,1085.6503999966662,1463.3600000233855,351.0
1787609564,2,,Aggregated,1.400000,0.000000,1400,1400,1400,1500,1500,1500,1500,1500,1500,1500,1500,82,0,1200,1262.9275329282548,1085.6503999966662,1463.3600000233855,351.0
1787609565,2,POST,/chat/completions,1.400000,0.000000,1300,1400,1400,1400,1500,1500,1500,1500,1500,1500,1500,83,0,1200,1261.469162652039,1085.6503999966662,1463.3600000233855,351.0
1787609565,2,,Aggregated,1.400000,0.000000,1300,1400,1400,1400,1500,1500,1500,1500,1500,1500,1500,83,0,1200,1261.469162652039,1085.6503999966662,1463.3600000233855,351.0
1787609566,2,POST,/chat/completions,1.400000,0.000000,1300,1400,1400,1400,1500,1500,1500,1500,1500,1500,1500,84,0,1200,1263.3953547632527,1085.6503999966662,1463.3600000233855,351.0
1787609566,2,,Aggregated,1.400000,0.000000,1300,1400,1400,1400,1500,1500,1500,1500,1500,1500,1500,84,0,1200,1263.3953547632527,1085.6503999966662,1463.3600000233855,351.0
1787609567,2,POST,/chat/completions,1.400000,0.000000,1300,1400,1400,1400,1500,1500,1500,1500,1500,1500,1500,86,0,1200,1264.7754302340409,1085.6503999966662,1463.3600000233855,351.0
1787609567,2,,Aggregated,1.400000,0.000000,1300,1400,1400,1400,1500,1500,1500,1500,1500,1500,1500,86,0,1200,1264.7754302340409,1085.6503999966662,1463.3600000233855,351.0
1787609568,2,POST,/chat/completions,1.400000,0.000000,1300,1300,1400,1400,1400,1400,1400,1400,1400,1400,1400,88,0,1200,1264.3295534107892,1085.6503999966662,1463.3600000233855,351.0
1787609568,2,,Aggregated,1.400000,0.000000,1300,1300,1400,1400,1400,1400,1400,1400,1400,1400,1400,88,0,1200,1264.3295534107892,1085.6503999966662,1463.3600000233855,351.0
1787609569,2,POST,/chat/completions,1.400000,0.000000,1200,1300,1300,1400,1400,1400,1400,1400,1400,1400,1400,88,0,1200,1264.3295534107892,1085.6503999966662,1463.3600000233855,351.0
1787609569,2,,Aggregated,1.400000,0.000000,1200,1300,1300,1400,1400,1400,1400,1400,1400,1400,1400,88,0,1200,1264.3295534107892,1085.6503999966662,1463.3600000233855,351.0
1787609570,2,POST,/chat/completions,1.400000,0.000000,1300,1300,1400,1400,1400,1400,1400,1400,1400,1400,1400,90,0,1200,1265.692255557062,1085.6503999966662,1463.3600000233855,351.0
1787609570,2,,Aggregated,1.400000,0.000000,1300,1300,1400,1400,1400,1400,1400,1400,1400,1400,1400,90,0,1200,1265.692255557062,1085.6503999966662,1463.3600000233855,351.0
1787609571,2,POST,/chat/completions,1.400000,0.000000,1300,1300,1400,1400,1400,1400,1400,1400,1400,1400,1400,92,0,1200,1265.2740847843233,1085.6503999966662,1463.3600000233855,351.0
1787609571,2,,Aggregated,1.400000,0.000000,1300,1300,1400,1400,1400,1400,1400,1400,1400,1400,1400,92,0,1200,1265.2740847843233,1085.6503999966662,1463.3600000233855,351.0
1787609572,2,POST,/chat/completions,1.500000,0.000000,1300,1300,1400,1400,1400,1400,1400,1400,1400,1400,1400,93,0,1200,1266.0856688190477,1085.6503999966662,1463.3600000233855,351.0
1787609572,2,,Aggregated,1.500000,0.000000,1300,1300,1400,1400,1400,1400,1400,1400,1400,1400,1400,93,0,1200,1266.0856688190477,1085.6503999966662,1463.3600000233855,351.0
1787609573,2,POST,/chat/completions,1.500000,0.000000,1300,1300,1400,1400,1400,1400,1400,1400,1400,1400,1400,94,0,1200,1266.837781916578,1085.6503999966662,1463.3600000233855,351.0
1787609573,2,,Aggregated,1.500000,0.000000,1300,1300,1400,1400,1400,1400,1400,1400,1400,1400,1400,94,0,1200,1266.837781916578,1085.6503999966662,1463.3600000233855,351.0
1787609574,2,POST,/chat/completions,1.400000,0.000000,1300,1300,1400,1400,1400,1400,1400,1400,1400,1400,1400,96,0,1200,1266.8440520850102,1085.6503999966662,1463.3600000233855,351.0
1787609574,2,,Aggregated,1.400000,0.000000,1300,1300,1400,1400,1400,1400,1400,1400,1400,1400,1400,96,0,1200,1266.8440520850102,1085.6503999966662,1463.3600000233855,351.0
1787609575,2,POST,/chat/completions,1.400000,0.000000,1300,1300,1400,1400,1400,1400,1400,1400,1400,1400,1400,98,0,1200,1267.8592938793781,1085.6503999966662,1463.3600000233855,351.0
1787609575,2,,Aggregated,1.400000,0.000000,1300,1300,1400,1400,1400,1400,1400,1400,1400,1400,1400,98,0,1200,1267.8592938793781,1085.6503999966662,1463.3600000233855,351.0
1787609576,2,POST,/chat/completions,1.400000,0.000000,1300,1300,1400,1400,1400,1400,1400,1400,1400,1400,1400,98,0,1200,1267.8592938793781,1085.6503999966662,1463.3600000233855,351.0
1787609576,2,,Aggregated,1.400000,0.000000,1300,1300,1400,1400,1400,1400,1400,1400,1400,1400,1400,98,0,1200,1267.8592938793781,1085.6503999966662,1463.3600000233855,351.0
1787609577,2,POST,/chat/completions,1.600000,0.000000,1300,1300,1400,1400,1400,1500,1500,1500,1500,1500,1500,100,0,1200,1268.0699520016788,1085.6503999966662,1466.3279999804217,351.0
1787609577,2,,Aggregated,1.600000,0.000000,1300,1300,1400,1400,1400,1500,1500,1500,1500,1500,1500,100,0,1200,1268.0699520016788,1085.6503999966662,1466.3279999804217,351.0
1787609578,2,POST,/chat/completions,1.400000,0.000000,1300,1300,1400,1400,1400,1500,1500,1500,1500,1500,1500,102,0,1300,1268.6200333350023,1085.6503999966662,1466.3279999804217,351.0
1787609578,2,,Aggregated,1.400000,0.000000,1300,1300,1400,1400,1400,1500,1500,1500,1500,1500,1500,102,0,1300,1268.6200333350023,1085.6503999966662,1466.3279999804217,351.0
1787609579,2,POST,/chat/completions,1.500000,0.000000,1300,1300,1400,1400,1400,1500,1500,1500,1500,1500,1500,103,0,1300,1268.3978767009357,1085.6503999966662,1466.3279999804217,351.0
1787609579,2,,Aggregated,1.500000,0.000000,1300,1300,1400,1400,1400,1500,1500,1500,1500,1500,1500,103,0,1300,1268.3978767009357,1085.6503999966662,1466.3279999804217,351.0
1787609580,2,POST,/chat/completions,1.500000,0.000000,1300,1300,1300,1400,1400,1500,1500,1500,1500,1500,1500,104,0,1200,1267.020975001987,1085.6503999966662,1466.3279999804217,351.0
1787609580,2,,Aggregated,1.500000,0.000000,1300,1300,1300,1400,1400,1500,1500,1500,1500,1500,1500,104,0,1200,1267.020975001987,1085.6503999966662,1466.3279999804217,351.0
1787609581,2,POST,/chat/completions,1.400000,0.000000,1300,1300,1400,1400,1500,1500,1500,1500,1500,1500,1500,106,0,1300,1269.104361322704,1085.6503999966662,1466.3279999804217,351.0
1787609581,2,,Aggregated,1.400000,0.000000,1300,1300,1400,1400,1500,1500,1500,1500,1500,1500,1500,106,0,1300,1269.104361322704,1085.6503999966662,1466.3279999804217,351.0
1787609582,2,POST,/chat/completions,1.400000,0.000000,1300,1400,1400,1500,1500,1500,1500,1500,1500,1500,1500,108,0,1300,1269.4459250018958,1085.6503999966662,1466.3279999804217,351.0
1787609582,2,,Aggregated,1.400000,0.000000,1300,1400,1400,1500,1500,1500,1500,1500,1500,1500,1500,108,0,1300,1269.4459250018958,1085.6503999966662,1466.3279999804217,351.0
1787609583,2,POST,/chat/completions,1.600000,0.000000,1300,1300,1400,1500,1500,1500,1500,1500,1500,1500,1500,109,0,1300,1268.9073660569543,1085.6503999966662,1466.3279999804217,351.0
1787609583,2,,Aggregated,1.600000,0.000000,1300,1300,1400,1500,1500,1500,1500,1500,1500,1500,1500,109,0,1300,1268.9073660569543,1085.6503999966662,1466.3279999804217,351.0
1787609584,2,POST,/chat/completions,1.600000,0.000000,1300,1300,1400,1500,1500,1500,1500,1500,1500,1500,1500,110,0,1200,1268.0482127290982,1085.6503999966662,1466.3279999804217,351.0
1787609584,2,,Aggregated,1.600000,0.000000,1300,1300,1400,1500,1500,1500,1500,1500,1500,1500,1500,110,0,1200,1268.0482127290982,1085.6503999966662,1466.3279999804217,351.0
1787609585,2,POST,/chat/completions,1.400000,0.000000,1200,1300,1300,1500,1500,1500,1500,1500,1500,1500,1500,112,0,1200,1266.0103321447552,1085.6503999966662,1466.3279999804217,351.0
1787609585,2,,Aggregated,1.400000,0.000000,1200,1300,1300,1500,1500,1500,1500,1500,1500,1500,1500,112,0,1200,1266.0103321447552,1085.6503999966662,1466.3279999804217,351.0
1787609586,2,POST,/chat/completions,1.400000,0.000000,1300,1300,1400,1400,1500,1500,1500,1500,1500,1500,1500,114,0,1200,1267.403183335422,1085.6503999966662,1466.3279999804217,351.0
1787609586,2,,Aggregated,1.400000,0.000000,1300,1300,1400,1400,1500,1500,1500,1500,1500,1500,1500,114,0,1200,1267.403183335422,1085.6503999966662,1466.3279999804217,351.0
1787609587,2,POST,/chat/completions,1.400000,0.000000,1300,1300,1300,1400,1500,1500,1500,1500,1500,1500,1500,114,0,1200,1267.403183335422,1085.6503999966662,1466.3279999804217,351.0
1787609587,2,,Aggregated,1.400000,0.000000,1300,1300,1300,1400,1500,1500,1500,1500,1500,1500,1500,114,0,1200,1267.403183335422,1085.6503999966662,1466.3279999804217,351.0
1787609588,2,POST,/chat/completions,1.500000,0.000000,1200,1300,1400,1400,1500,1500,1500,1500,1500,1500,1500,116,0,1200,1268.4874051746788,1085.6503999966662,1466.3279999804217,351.0
1787609588,2,,Aggregated,1.500000,0.000000,1200,1300,1400,1400,1500,1500,1500,1500,1500,1500,1500,116,0,1200,1268.4874051746788,1085.6503999966662,1466.3279999804217,351.0
1787609589,2,POST,/chat/completions,1.400000,0.000000,1300,1300,1400,1400,1500,1500,1500,1500,1500,1500,1500,118,0,1200,1266.921921188734,1085.6503999966662,1466.3279999804217,351.0
1787609589,2,,Aggregated,1.400000,0.000000,1300,1300,1400,1400,1500,1500,1500,1500,1500,1500,1500,118,0,1200,1266.921921188734,1085.6503999966662,1466.3279999804217,351.0
1787609590,2,POST,/chat/completions,1.600000,0.000000,1200,1300,1400,1400,1500,1500,1500,1500,1500,1500,1500,119,0,1200,1266.0271016829022,1085.6503999966662,1466.3279999804217,351.0
1787609590,2,,Aggregated,1.600000,0.000000,1200,1300,1400,1400,1500,1500,1500,1500,1500,1500,1500,119,0,1200,1266.0271016829022,1085.6503999966662,1466.3279999804217,351.0
1787609591,2,POST,/chat/completions,1.600000,0.000000,1200,1300,1300,1400,1400,1500,1500,1500,1500,1500,1500,120,0,1200,1266.066760835626,1085.6503999966662,1466.3279999804217,351.0
1787609591,2,,Aggregated,1.600000,0.000000,1200,1300,1300,1400,1400,1500,1500,1500,1500,1500,1500,120,0,1200,1266.066760835626,1085.6503999966662,1466.3279999804217,351.0
1787609592,2,POST,/chat/completions,1.500000,0.000000,1200,1300,1300,1400,1400,1400,1400,1400,1400,1400,1400,122,0,1200,1266.4087729530454,1085.6503999966662,1466.3279999804217,351.0
1787609592,2,,Aggregated,1.500000,0.000000,1200,1300,1300,1400,1400,1400,1400,1400,1400,1400,1400,122,0,1200,1266.4087729530454,1085.6503999966662,1466.3279999804217,351.0
1787609593,2,POST,/chat/completions,1.400000,0.000000,1300,1300,1300,1400,1400,1400,1400,1400,1400,1400,1400,124,0,1300,1267.3038362925347,1085.6503999966662,1466.3279999804217,351.0
1787609593,2,,Aggregated,1.400000,0.000000,1300,1300,1300,1400,1400,1400,1400,1400,1400,1400,1400,124,0,1300,1267.3038362925347,1085.6503999966662,1466.3279999804217,351.0
1787609594,2,POST,/chat/completions,1.600000,0.000000,1300,1300,1300,1400,1400,1400,1400,1400,1400,1400,1400,125,0,1300,1266.9837336023338,1085.6503999966662,1466.3279999804217,351.0
1787609594,2,,Aggregated,1.600000,0.000000,1300,1300,1300,1400,1400,1400,1400,1400,1400,1400,1400,125,0,1300,1266.9837336023338,1085.6503999966662,1466.3279999804217,351.0
1787609595,2,POST,/chat/completions,1.600000,0.000000,1300,1300,1300,1400,1400,1400,1400,1400,1400,1400,1400,126,0,1300,1267.225880161046,1085.6503999966662,1466.3279999804217,351.0
1787609595,2,,Aggregated,1.600000,0.000000,1300,1300,1300,1400,1400,1400,1400,1400,1400,1400,1400,126,0,1300,1267.225880161046,1085.6503999966662,1466.3279999804217,351.0
1787609596,2,POST,/chat/completions,1.400000,0.000000,1300,1300,1300,1300,1400,1400,1400,1400,1400,1400,1400,128,0,1200,1265.138583595899,1085.6503999966662,1466.3279999804217,351.0
1787609596,2,,Aggregated,1.400000,0.000000,1300,1300,1300,1300,1400,1400,1400,1400,1400,1400,1400,128,0,1200,1265.138583595899,1085.6503999966662,1466.3279999804217,351.0
1787609597,2,POST,/chat/completions,1.500000,0.000000,1300,1300,1300,1300,1300,1400,1400,1400,1400,1400,1400,130,0,1200,1264.1310376945721,1085.6503999966662,1466.3279999804217,351.0
1787609597,2,,Aggregated,1.500000,0.000000,1300,1300,1300,1300,1300,1400,1400,1400,1400,1400,1400,130,0,1200,1264.1310376945721,1085.6503999966662,1466.3279999804217,351.0
1787609598,4,POST,/chat/completions,1.600000,0.000000,1300,1300,1300,1300,1400,1400,1400,1400,1400,1400,1400,132,0,1300,1265.1929295477175,1085.6503999966662,1466.3279999804217,351.0
1787609598,4,,Aggregated,1.600000,0.000000,1300,1300,1300,1300,1400,1400,1400,1400,1400,1400,1400,132,0,1300,1265.1929295477175,1085.6503999966662,1466.3279999804217,351.0
1787609599,4,POST,/chat/completions,1.600000,0.000000,1300,1300,1300,1300,1400,1400,1400,1400,1400,1400,1400,132,0,1300,1265.1929295477175,1085.6503999966662,1466.3279999804217,351.0
1787609599,4,,Aggregated,1.600000,0.000000,1300,1300,1300,1300,1400,1400,1400,1400,1400,1400,1400,132,0,1300,1265.1929295477175,1085.6503999966662,1466.3279999804217,351.0
1787609600,4,POST,/chat/completions,1.400000,0.000000,1300,1300,1300,1300,1400,1400,1400,1400,1400,1400,1400,136,0,1300,1264.6503169138775,1085.6503999966662,1466.3279999804217,351.0
1787609600,4,,Aggregated,1.400000,0.000000,1300,1300,1300,1300,1400,1400,1400,1400,1400,1400,1400,136,0,1300,1264.6503169138775,1085.6503999966662,1466.3279999804217,351.0
1787609601,4,POST,/chat/completions,1.500000,0.000000,1300,1300,1300,1400,1400,1400,1400,1400,1400,1400,1400,140,0,1300,1266.7629385734992,1085.6503999966662,1466.3279999804217,351.0
1787609601,4,,Aggregated,1.500000,0.000000,1300,1300,1300,1400,1400,1400,1400,1400,1400,1400,1400,140,0,1300,1266.7629385734992,1085.6503999966662,1466.3279999804217,351.0
1787609602,4,POST,/chat/completions,1.700000,0.000000,1300,1300,1300,1300,1400,1400,1400,1400,1400,1400,1400,142,0,1300,1264.545152114678,1084.9123999942094,1466.3279999804217,351.0
1787609602,4,,Aggregated,1.700000,0.000000,1300,1300,1300,1300,1400,1400,1400,1400,1400,1400,1400,142,0,1300,1264.545152114678,1084.9123999942094,1466.3279999804217,351.0
1787609603,4,POST,/chat/completions,1.700000,0.000000,1300,1300,1300,1300,1400,1400,1400,1400,1400,1400,1400,144,0,1300,1264.2400048629902,1084.9123999942094,1466.3279999804217,351.0
1787609603,4,,Aggregated,1.700000,0.000000,1300,1300,1300,1300,1400,1400,1400,1400,1400,1400,1400,144,0,1300,1264.2400048629902,1084.9123999942094,1466.3279999804217,351.0
1787609604,4,POST,/chat/completions,1.800000,0.000000,1300,1300,1300,1400,1400,1400,1500,1500,1500,1500,1500,148,0,1300,1266.5394310828856,1084.9123999942094,1466.3279999804217,351.0
1787609604,4,,Aggregated,1.800000,0.000000,1300,1300,1300,1400,1400,1400,1500,1500,1500,1500,1500,148,0,1300,1266.5394310828856,1084.9123999942094,1466.3279999804217,351.0
1787609605,4,POST,/chat/completions,2.200000,0.000000,1300,1300,1300,1300,1400,1400,1500,1500,1500,1500,1500,152,0,1300,1265.450567107205,1084.9123999942094,1466.3279999804217,351.0
1787609605,4,,Aggregated,2.200000,0.000000,1300,1300,1300,1300,1400,1400,1500,1500,1500,1500,1500,152,0,1300,1265.450567107205,1084.9123999942094,1466.3279999804217,351.0
1787609606,4,POST,/chat/completions,2.200000,0.000000,1300,1300,1300,1300,1400,1400,1500,1500,1500,1500,1500,154,0,1300,1264.2723727293235,1084.9123999942094,1466.3279999804217,351.0
1787609606,4,,Aggregated,2.200000,0.000000,1300,1300,1300,1300,1400,1400,1500,1500,1500,1500,1500,154,0,1300,1264.2723727293235,1084.9123999942094,1466.3279999804217,351.0
1787609607,4,POST,/chat/completions,2.200000,0.000000,1300,1300,1300,1400,1400,1400,1500,1500,1500,1500,1500,156,0,1300,1265.2053339765048,1084.9123999942094,1466.3279999804217,351.0
1787609607,4,,Aggregated,2.200000,0.000000,1300,1300,1300,1400,1400,1400,1500,1500,1500,1500,1500,156,0,1300,1265.2053339765048,1084.9123999942094,1466.3279999804217,351.0
1787609608,4,POST,/chat/completions,2.400000,0.000000,1300,1300,1300,1400,1400,1400,1500,1500,1500,1500,1500,160,0,1300,1265.2969687522273,1084.9123999942094,1466.3279999804217,351.0
1787609608,4,,Aggregated,2.400000,0.000000,1300,1300,1300,1400,1400,1400,1500,1500,1500,1500,1500,160,0,1300,1265.2969687522273,1084.9123999942094,1466.3279999804217,351.0
1787609609,4,POST,/chat/completions,2.800000,0.000000,1300,1300,1300,1300,1400,1400,1500,1500,1500,1500,1500,163,0,1300,1265.2601404931536,1084.9123999942094,1466.3279999804217,351.0
1787609609,4,,Aggregated,2.800000,0.000000,1300,1300,1300,1300,1400,1400,1500,1500,1500,1500,1500,163,0,1300,1265.2601404931536,1084.9123999942094,1466.3279999804217,351.0
1787609610,4,POST,/chat/completions,2.800000,0.000000,1300,1300,1300,1400,1400,1400,1500,1500,1500,1500,1500,164,0,1300,1266.3736530512547,1084.9123999942094,1466.3279999804217,351.0
1787609610,4,,Aggregated,2.800000,0.000000,1300,1300,1300,1400,1400,1400,1500,1500,1500,1500,1500,164,0,1300,1266.3736530512547,1084.9123999942094,1466.3279999804217,351.0
1787609611,4,POST,/chat/completions,2.800000,0.000000,1300,1300,1400,1400,1400,1400,1500,1500,1500,1500,1500,168,0,1300,1267.4158833357242,1084.9123999942094,1466.3279999804217,351.0
1787609611,4,,Aggregated,2.800000,0.000000,1300,1300,1400,1400,1400,1400,1500,1500,1500,1500,1500,168,0,1300,1267.4158833357242,1084.9123999942094,1466.3279999804217,351.0
1787609612,4,POST,/chat/completions,2.900000,0.000000,1300,1300,1400,1400,1400,1400,1500,1500,1500,1500,1500,172,0,1300,1267.7199523281752,1084.9123999942094,1466.3279999804217,351.0
1787609612,4,,Aggregated,2.900000,0.000000,1300,1300,1400,1400,1400,1400,1500,1500,1500,1500,1500,172,0,1300,1267.7199523281752,1084.9123999942094,1466.3279999804217,351.0
1787609613,4,POST,/chat/completions,3.000000,0.000000,1300,1300,1400,1400,1400,1400,1400,1400,1400,1400,1400,174,0,1300,1268.4890425313417,1084.9123999942094,1466.3279999804217,351.0
1787609613,4,,Aggregated,3.000000,0.000000,1300,1300,1400,1400,1400,1400,1400,1400,1400,1400,1400,174,0,1300,1268.4890425313417,1084.9123999942094,1466.3279999804217,351.0
1787609614,4,POST,/chat/completions,2.800000,0.000000,1300,1300,1400,1400,1400,1400,1400,1400,1400,1400,1400,176,0,1300,1268.8885761387858,1084.9123999942094,1466.3279999804217,351.0
1787609614,4,,Aggregated,2.800000,0.000000,1300,1300,1400,1400,1400,1400,1400,1400,1400,1400,1400,176,0,1300,1268.8885761387858,1084.9123999942094,1466.3279999804217,351.0
1787609615,4,POST,/chat/completions,2.800000,0.000000,1300,1300,1400,1400,1400,1400,1400,1400,1400,1400,1400,180,0,1300,1268.3883388911554,1084.9123999942094,1466.3279999804217,351.0
1787609615,4,,Aggregated,2.800000,0.000000,1300,1300,1400,1400,1400,1400,1400,1400,1400,1400,1400,180,0,1300,1268.3883388911554,1084.9123999942094,1466.3279999804217,351.0
1787609616,4,POST,/chat/completions,2.900000,0.000000,1300,1300,1400,1400,1400,1400,1400,1400,1400,1400,1400,183,0,1300,1267.9358180353095,1084.9123999942094,1466.3279999804217,351.0
1787609616,4,,Aggregated,2.900000,0.000000,1300,1300,1400,1400,1400,1400,1400,1400,1400,1400,1400,183,0,1300,1267.9358180353095,1084.9123999942094,1466.3279999804217,351.0
1787609617,4,POST,/chat/completions,2.900000,0.000000,1300,1300,1400,1400,1400,1400,1400,1400,1400,1400,1400,186,0,1300,1268.1901591420938,1084.9123999942094,1466.3279999804217,351.0
1787609617,4,,Aggregated,2.900000,0.000000,1300,1300,1400,1400,1400,1400,1400,1400,1400,1400,1400,186,0,1300,1268.1901591420938,1084.9123999942094,1466.3279999804217,351.0
1787609618,4,POST,/chat/completions,2.800000,0.000000,1300,1400,1400,1400,1400,1400,1400,1400,1400,1400,1400,188,0,1300,1269.5188750022157,1084.9123999942094,1466.3279999804217,351.0
1787609618,4,,Aggregated,2.800000,0.000000,1300,1400,1400,1400,1400,1400,1400,1400,1400,1400,1400,188,0,1300,1269.5188750022157,1084.9123999942094,1466.3279999804217,351.0
1787609619,4,POST,/chat/completions,2.800000,0.000000,1300,1300,1400,1400,1400,1400,1400,1400,1400,1400,1400,192,0,1300,1268.4724765645115,1084.9123999942094,1466.3279999804217,351.0
1787609619,4,,Aggregated,2.800000,0.000000,1300,1300,1400,1400,1400,1400,1400,1400,1400,1400,1400,192,0,1300,1268.4724765645115,1084.9123999942094,1466.3279999804217,351.0
1787609620,4,POST,/chat/completions,3.000000,0.000000,1300,1300,1400,1400,1400,1400,1400,1400,1400,1400,1400,194,0,1300,1268.4550814452994,1084.9123999942094,1466.3279999804217,351.0
1787609620,4,,Aggregated,3.000000,0.000000,1300,1300,1400,1400,1400,1400,1400,1400,1400,1400,1400,194,0,1300,1268.4550814452994,1084.9123999942094,1466.3279999804217,351.0
1787609621,4,POST,/chat/completions,2.900000,0.000000,1300,1300,1400,1400,1400,1400,1400,1400,1400,1400,1400,198,0,1300,1267.3102444462006,1084.9123999942094,1466.3279999804217,351.0
1787609621,4,,Aggregated,2.900000,0.000000,1300,1300,1400,1400,1400,1400,1400,1400,1400,1400,1400,198,0,1300,1267.3102444462006,1084.9123999942094,1466.3279999804217,351.0
1787609622,4,POST,/chat/completions,2.800000,0.000000,1300,1300,1400,1400,1400,1400,1400,1400,1400,1400,1400,200,0,1300,1267.0840265015431,1084.9123999942094,1466.3279999804217,351.0
1787609622,4,,Aggregated,2.800000,0.000000,1300,1300,1400,1400,1400,1400,1400,1400,1400,1400,1400,200,0,1300,1267.0840265015431,1084.9123999942094,1466.3279999804217,351.0
1787609623,4,POST,/chat/completions,3.000000,0.000000,1300,1300,1300,1400,1400,1400,1400,1400,1400,1400,1400,204,0,1300,1267.8310558837313,1084.9123999942094,1466.3279999804217,351.0
1787609623,4,,Aggregated,3.000000,0.000000,1300,1300,1300,1400,1400,1400,1400,1400,1400,1400,1400,204,0,1300,1267.8310558837313,1084.9123999942094,1466.3279999804217,351.0
1787609624,4,POST,/chat/completions,3.000000,0.000000,1200,1300,1300,1400,1400,1400,1400,1400,1400,1400,1400,206,0,1300,1266.8328038849122,1084.9123999942094,1466.3279999804217,351.0
1787609624,4,,Aggregated,3.000000,0.000000,1200,1300,1300,1400,1400,1400,1400,1400,1400,1400,1400,206,0,1300,1266.8328038849122,1084.9123999942094,1466.3279999804217,351.0
1787609625,4,POST,/chat/completions,2.800000,0.000000,1300,1300,1300,1400,1400,1400,1500,1500,1500,1500,1500,210,0,1300,1268.1023252396178,1084.9123999942094,1466.3279999804217,351.0
1787609625,4,,Aggregated,2.800000,0.000000,1300,1300,1300,1400,1400,1400,1500,1500,1500,1500,1500,210,0,1300,1268.1023252396178,1084.9123999942094,1466.3279999804217,351.0
1787609626,4,POST,/chat/completions,2.900000,0.000000,1300,1300,1300,1300,1400,1400,1500,1500,1500,1500,1500,212,0,1300,1268.1246028318265,1084.9123999942094,1466.3279999804217,351.0
1787609626,4,,Aggregated,2.900000,0.000000,1300,1300,1300,1300,1400,1400,1500,1500,1500,1500,1500,212,0,1300,1268.1246028318265,1084.9123999942094,1466.3279999804217,351.0
1787609627,4,POST,/chat/completions,2.900000,0.000000,1300,1300,1300,1300,1400,1400,1500,1500,1500,1500,1500,214,0,1300,1267.4727154222196,1084.9123999942094,1466.3279999804217,351.0
1787609627,4,,Aggregated,2.900000,0.000000,1300,1300,1300,1300,1400,1400,1500,1500,1500,1500,1500,214,0,1300,1267.4727154222196,1084.9123999942094,1466.3279999804217,351.0
1787609628,4,POST,/chat/completions,3.000000,0.000000,1300,1300,1300,1400,1400,1500,1500,1500,1500,1500,1500,218,0,1300,1269.2330577996838,1084.9123999942094,1466.3279999804217,351.0
1787609628,4,,Aggregated,3.000000,0.000000,1300,1300,1300,1400,1400,1500,1500,1500,1500,1500,1500,218,0,1300,1269.2330577996838,1084.9123999942094,1466.3279999804217,351.0
1787609629,4,POST,/chat/completions,2.900000,0.000000,1300,1300,1300,1400,1400,1500,1500,1500,1500,1500,1500,221,0,1300,1269.7194362005505,1084.9123999942094,1466.3279999804217,351.0
1787609629,4,,Aggregated,2.900000,0.000000,1300,1300,1300,1400,1400,1500,1500,1500,1500,1500,1500,221,0,1300,1269.7194362005505,1084.9123999942094,1466.3279999804217,351.0
1787609630,4,POST,/chat/completions,2.900000,0.000000,1300,1300,1300,1400,1400,1500,1500,1500,1500,1500,1500,223,0,1300,1270.4677206291576,1084.9123999942094,1466.3279999804217,351.0
1787609630,4,,Aggregated,2.900000,0.000000,1300,1300,1300,1400,1400,1500,1500,1500,1500,1500,1500,223,0,1300,1270.4677206291576,1084.9123999942094,1466.3279999804217,351.0
1787609631,4,POST,/chat/completions,2.900000,0.000000,1300,1300,1300,1400,1400,1500,1500,1500,1500,1500,1500,226,0,1300,1270.475724780009,1084.9123999942094,1466.3279999804217,351.0
1787609631,4,,Aggregated,2.900000,0.000000,1300,1300,1300,1400,1400,1500,1500,1500,1500,1500,1500,226,0,1300,1270.475724780009,1084.9123999942094,1466.3279999804217,351.0
1787609632,4,POST,/chat/completions,2.900000,0.000000,1300,1300,1300,1400,1400,1500,1500,1500,1500,1500,1500,230,0,1300,1270.101347392673,1084.9123999942094,1466.3279999804217,351.0
1787609632,4,,Aggregated,2.900000,0.000000,1300,1300,1300,1400,1400,1500,1500,1500,1500,1500,1500,230,0,1300,1270.101347392673,1084.9123999942094,1466.3279999804217,351.0
1787609633,4,POST,/chat/completions,2.800000,0.000000,1300,1300,1300,1400,1400,1500,1500,1500,1500,1500,1500,233,0,1300,1271.1140703875321,1084.9123999942094,1466.3279999804217,351.0
1787609633,4,,Aggregated,2.800000,0.000000,1300,1300,1300,1400,1400,1500,1500,1500,1500,1500,1500,233,0,1300,1271.1140703875321,1084.9123999942094,1466.3279999804217,351.0
1787609634,4,POST,/chat/completions,2.800000,0.000000,1300,1300,1300,1400,1400,1500,1500,1500,1500,1500,1500,235,0,1300,1270.1271710651085,1084.9123999942094,1466.3279999804217,351.0
1787609634,4,,Aggregated,2.800000,0.000000,1300,1300,1300,1400,1400,1500,1500,1500,1500,1500,1500,235,0,1300,1270.1271710651085,1084.9123999942094,1466.3279999804217,351.0
1787609635,4,POST,/chat/completions,3.000000,0.000000,1300,1300,1400,1400,1400,1500,1500,1500,1500,1500,1500,238,0,1300,1269.7529462197924,1084.9123999942094,1466.3279999804217,351.0
1787609635,4,,Aggregated,3.000000,0.000000,1300,1300,1400,1400,1400,1500,1500,1500,1500,1500,1500,238,0,1300,1269.7529462197924,1084.9123999942094,1466.3279999804217,351.0
1787609636,4,POST,/chat/completions,2.900000,0.000000,1300,1300,1400,1400,1400,1500,1500,1500,1500,1500,1500,241,0,1300,1270.4427846485441,1084.9123999942094,1466.3279999804217,351.0
1787609636,4,,Aggregated,2.900000,0.000000,1300,1300,1400,1400,1400,1500,1500,1500,1500,1500,1500,241,0,1300,1270.4427846485441,1084.9123999942094,1466.3279999804217,351.0
1787609637,4,POST,/chat/completions,2.900000,0.000000,1300,1300,1400,1400,1500,1500,1500,1500,1500,1500,1500,245,0,1300,1270.1022542870546,1084.9123999942094,1466.3279999804217,351.0
1787609637,4,,Aggregated,2.900000,0.000000,1300,1300,1400,1400,1500,1500,1500,1500,1500,1500,1500,245,0,1300,1270.1022542870546,1084.9123999942094,1466.3279999804217,351.0
1787609638,4,POST,/chat/completions,2.800000,0.000000,1300,1300,1300,1400,1400,1500,1500,1500,1500,1500,1500,247,0,1300,1269.420905264593,1084.9123999942094,1466.3279999804217,351.0
1787609638,4,,Aggregated,2.800000,0.000000,1300,1300,1300,1400,1400,1500,1500,1500,1500,1500,1500,247,0,1300,1269.420905264593,1084.9123999942094,1466.3279999804217,351.0
1787609639,4,POST,/chat/completions,2.800000,0.000000,1300,1300,1300,1400,1400,1500,1500,1500,1500,1500,1500,250,0,1300,1269.8851036012638,1084.9123999942094,1466.3279999804217,351.0
1787609639,4,,Aggregated,2.800000,0.000000,1300,1300,1300,1400,1400,1500,1500,1500,1500,1500,1500,250,0,1300,1269.8851036012638,1084.9123999942094,1466.3279999804217,351.0
1787609640,4,POST,/chat/completions,3.000000,0.000000,1200,1300,1300,1400,1400,1500,1500,1500,1500,1500,1500,253,0,1300,1269.2955205546693,1084.9123999942094,1466.3279999804217,351.0
1787609640,4,,Aggregated,3.000000,0.000000,1200,1300,1300,1400,1400,1500,1500,1500,1500,1500,1500,253,0,1300,1269.2955205546693,1084.9123999942094,1466.3279999804217,351.0
1787609642,4,POST,/chat/completions,2.900000,0.000000,1200,1300,1300,1400,1400,1500,1500,1500,1500,1500,1500,257,0,1300,1268.624555643427,1084.9123999942094,1466.3279999804217,351.0
1787609642,4,,Aggregated,2.900000,0.000000,1200,1300,1300,1400,1400,1500,1500,1500,1500,1500,1500,257,0,1300,1268.624555643427,1084.9123999942094,1466.3279999804217,351.0
1787609643,4,POST,/chat/completions,2.900000,0.000000,1200,1300,1300,1400,1500,1500,1500,1500,1500,1500,1500,259,0,1300,1269.2549019319529,1084.9123999942094,1466.3279999804217,351.0
1787609643,4,,Aggregated,2.900000,0.000000,1200,1300,1300,1400,1500,1500,1500,1500,1500,1500,1500,259,0,1300,1269.2549019319529,1084.9123999942094,1466.3279999804217,351.0
1787609644,4,POST,/chat/completions,2.900000,0.000000,1200,1300,1400,1400,1500,1500,1500,1500,1500,1500,1500,261,0,1300,1270.6804915724485,1084.9123999942094,1466.3279999804217,351.0
1787609644,4,,Aggregated,2.900000,0.000000,1200,1300,1400,1400,1500,1500,1500,1500,1500,1500,1500,261,0,1300,1270.6804915724485,1084.9123999942094,1466.3279999804217,351.0
1787609645,4,POST,/chat/completions,3.100000,0.000000,1200,1300,1400,1400,1500,1500,1500,1500,1500,1500,1500,265,0,1300,1271.1543471713876,1084.9123999942094,1466.3279999804217,351.0
1787609645,4,,Aggregated,3.100000,0.000000,1200,1300,1400,1400,1500,1500,1500,1500,1500,1500,1500,265,0,1300,1271.1543471713876,1084.9123999942094,1466.3279999804217,351.0
1787609646,4,POST,/chat/completions,2.900000,0.000000,1200,1300,1400,1400,1500,1500,1500,1500,1500,1500,1500,267,0,1300,1270.2800033723915,1084.9123999942094,1466.3279999804217,351.0
1787609646,4,,Aggregated,2.900000,0.000000,1200,1300,1400,1400,1500,1500,1500,1500,1500,1500,1500,267,0,1300,1270.2800033723915,1084.9123999942094,1466.3279999804217,351.0
1787609647,4,POST,/chat/completions,2.800000,0.000000,1300,1300,1400,1400,1500,1500,1500,1500,1500,1500,1500,271,0,1300,1270.7799376399648,1084.9123999942094,1466.3279999804217,351.0
1787609647,4,,Aggregated,2.800000,0.000000,1300,1300,1400,1400,1500,1500,1500,1500,1500,1500,1500,271,0,1300,1270.7799376399648,1084.9123999942094,1466.3279999804217,351.0
1787609648,4,POST,/chat/completions,3.000000,0.000000,1300,1300,1400,1400,1500,1500,1500,1500,1500,1500,1500,273,0,1300,1269.8577549466318,1084.9123999942094,1466.3279999804217,351.0
1787609648,4,,Aggregated,3.000000,0.000000,1300,1300,1400,1400,1500,1500,1500,1500,1500,1500,1500,273,0,1300,1269.8577549466318,1084.9123999942094,1466.3279999804217,351.0
1787609649,4,POST,/chat/completions,2.900000,0.000000,1200,1300,1400,1400,1500,1500,1500,1500,1500,1500,1500,276,0,1300,1269.0289246391435,1084.9123999942094,1466.3279999804217,351.0
1787609649,4,,Aggregated,2.900000,0.000000,1200,1300,1400,1400,1500,1500,1500,1500,1500,1500,1500,276,0,1300,1269.0289246391435,1084.9123999942094,1466.3279999804217,351.0
1787609650,4,POST,/chat/completions,3.000000,0.000000,1300,1300,1400,1400,1500,1500,1500,1500,1500,1500,1500,280,0,1300,1269.4815332157305,1084.9123999942094,1466.3279999804217,351.0
1787609650,4,,Aggregated,3.000000,0.000000,1300,1300,1400,1400,1500,1500,1500,1500,1500,1500,1500,280,0,1300,1269.4815332157305,1084.9123999942094,1466.3279999804217,351.0
1787609651,4,POST,/chat/completions,2.800000,0.000000,1300,1300,1300,1400,1500,1500,1500,1500,1500,1500,1500,283,0,1300,1268.3410116623759,1084.9123999942094,1466.3279999804217,351.0
1787609651,4,,Aggregated,2.800000,0.000000,1300,1300,1300,1400,1500,1500,1500,1500,1500,1500,1500,283,0,1300,1268.3410116623759,1084.9123999942094,1466.3279999804217,351.0
1787609652,4,POST,/chat/completions,2.900000,0.000000,1300,1300,1300,1300,1400,1500,1500,1500,1500,1500,1500,285,0,1300,1268.2334663173829,1084.9123999942094,1466.3279999804217,351.0
1787609652,4,,Aggregated,2.900000,0.000000,1300,1300,1300,1300,1400,1500,1500,1500,1500,1500,1500,285,0,1300,1268.2334663173829,1084.9123999942094,1466.3279999804217,351.0
1787609653,4,POST,/chat/completions,3.000000,0.000000,1200,1300,1300,1300,1400,1400,1400,1400,1400,1400,1400,289,0,1300,1267.606516956504,1084.9123999942094,1466.3279999804217,351.0
1787609653,4,,Aggregated,3.000000,0.000000,1200,1300,1300,1300,1400,1400,1400,1400,1400,1400,1400,289,0,1300,1267.606516956504,1084.9123999942094,1466.3279999804217,351.0
1787609654,4,POST,/chat/completions,3.000000,0.000000,1200,1300,1300,1300,1400,1400,1400,1400,1400,1400,1400,292,0,1300,1267.8876260288732,1084.9123999942094,1466.3279999804217,351.0
1787609654,4,,Aggregated,3.000000,0.000000,1200,1300,1300,1300,1400,1400,1400,1400,1400,1400,1400,292,0,1300,1267.8876260288732,1084.9123999942094,1466.3279999804217,351.0
1787609655,4,POST,/chat/completions,2.800000,0.000000,1200,1300,1300,1300,1400,1400,1400,1400,1400,1400,1400,294,0,1300,1268.0037469402364,1084.9123999942094,1466.3279999804217,351.0
1787609655,4,,Aggregated,2.800000,0.000000,1200,1300,1300,1300,1400,1400,1400,1400,1400,1400,1400,294,0,1300,1268.0037469402364,1084.9123999942094,1466.3279999804217,351.0
1787609656,4,POST,/chat/completions,2.900000,0.000000,1200,1300,1300,1300,1400,1500,1500,1500,1500,1500,1500,297,0,1300,1269.3193377119485,1084.9123999942094,1466.3279999804217,351.0
1787609656,4,,Aggregated,2.900000,0.000000,1200,1300,1300,1300,1400,1500,1500,1500,1500,1500,1500,297,0,1300,1269.3193377119485,1084.9123999942094,1466.3279999804217,351.0
1787609657,4,POST,/chat/completions,2.900000,0.000000,1300,1300,1300,1400,1400,1500,1500,1500,1500,1500,1500,301,0,1300,1269.1177122939441,1084.9123999942094,1466.3279999804217,351.0
1787609657,4,,Aggregated,2.900000,0.000000,1300,1300,1300,1400,1400,1500,1500,1500,1500,1500,1500,301,0,1300,1269.1177122939441,1084.9123999942094,1466.3279999804217,351.0
1787609658,6,POST,/chat/completions,2.900000,0.000000,1300,1300,1300,1400,1400,1500,1500,1500,1500,1500,1500,302,0,1300,1269.348714239984,1084.9123999942094,1466.3279999804217,351.0
1787609658,6,,Aggregated,2.900000,0.000000,1300,1300,1300,1400,1400,1500,1500,1500,1500,1500,1500,302,0,1300,1269.348714239984,1084.9123999942094,1466.3279999804217,351.0
1787609659,6,POST,/chat/completions,2.800000,0.000000,1300,1400,1400,1400,1400,1500,1500,1500,1500,1500,1500,306,0,1300,1270.8310754916454,1084.9123999942094,1466.3279999804217,351.0
1787609659,6,,Aggregated,2.800000,0.000000,1300,1400,1400,1400,1400,1500,1500,1500,1500,1500,1500,306,0,1300,1270.8310754916454,1084.9123999942094,1466.3279999804217,351.0
1787609660,6,POST,/chat/completions,2.800000,0.000000,1300,1400,1400,1400,1500,1500,1800,1800,1800,1800,1800,309,0,1300,1273.5948822021026,1084.9123999942094,1811.1947000143118,351.0
1787609660,6,,Aggregated,2.800000,0.000000,1300,1400,1400,1400,1500,1500,1800,1800,1800,1800,1800,309,0,1300,1273.5948822021026,1084.9123999942094,1811.1947000143118,351.0
1787609661,6,POST,/chat/completions,2.900000,0.000000,1400,1400,1400,1500,1700,1800,2000,2000,2000,2000,2000,312,0,1300,1277.6421673090506,1084.9123999942094,1992.9290000000037,351.0
1787609661,6,,Aggregated,2.900000,0.000000,1400,1400,1400,1500,1700,1800,2000,2000,2000,2000,2000,312,0,1300,1277.6421673090506,1084.9123999942094,1992.9290000000037,351.0
1787609662,6,POST,/chat/completions,2.900000,0.000000,1400,1400,1500,1700,2000,2000,2100,2100,2100,2100,2100,315,0,1300,1284.455028572859,1084.9123999942094,2072.7695999958087,351.0
1787609662,6,,Aggregated,2.900000,0.000000,1400,1400,1500,1700,2000,2000,2100,2100,2100,2100,2100,315,0,1300,1284.455028572859,1084.9123999942094,2072.7695999958087,351.0
1787609663,6,POST,/chat/completions,2.800000,0.000000,1400,1700,1800,1900,2000,2000,2100,2100,2100,2100,2100,318,0,1300,1290.0941559762816,1084.9123999942094,2072.7695999958087,351.0
1787609663,6,,Aggregated,2.800000,0.000000,1400,1700,1800,1900,2000,2000,2100,2100,2100,2100,2100,318,0,1300,1290.0941559762816,1084.9123999942094,2072.7695999958087,351.0
1787609664,6,POST,/chat/completions,3.000000,0.000000,1500,1800,1900,1900,2000,2100,2100,2100,2100,2100,2100,321,0,1300,1296.2635520263032,1084.9123999942094,2126.291799999308,351.0
1787609664,6,,Aggregated,3.000000,0.000000,1500,1800,1900,1900,2000,2100,2100,2100,2100,2100,2100,321,0,1300,1296.2635520263032,1084.9123999942094,2126.291799999308,351.0
1787609665,6,POST,/chat/completions,2.900000,0.000000,1700,1800,1900,2000,2000,2100,2100,2100,2100,2100,2100,325,0,1300,1302.292451078269,1084.9123999942094,2126.291799999308,351.0
1787609665,6,,Aggregated,2.900000,0.000000,1700,1800,1900,2000,2000,2100,2100,2100,2100,2100,2100,325,0,1300,1302.292451078269,1084.9123999942094,2126.291799999308,351.0
1787609666,6,POST,/chat/completions,2.900000,0.000000,1700,1800,1900,2000,2000,2100,2100,2100,2100,2100,2100,327,0,1300,1304.7450553530234,1084.9123999942094,2126.291799999308,351.0
1787609666,6,,Aggregated,2.900000,0.000000,1700,1800,1900,2000,2000,2100,2100,2100,2100,2100,2100,327,0,1300,1304.7450553530234,1084.9123999942094,2126.291799999308,351.0
1787609667,6,POST,/chat/completions,2.900000,0.000000,1800,1900,1900,2000,2000,2100,2100,2100,2100,2100,2100,331,0,1300,1309.4560637475017,1084.9123999942094,2126.291799999308,351.0
1787609667,6,,Aggregated,2.900000,0.000000,1800,1900,1900,2000,2000,2100,2100,2100,2100,2100,2100,331,0,1300,1309.4560637475017,1084.9123999942094,2126.291799999308,351.0
1787609668,6,POST,/chat/completions,2.900000,0.000000,1800,1900,1900,2000,2000,2100,2100,2100,2100,2100,2100,334,0,1300,1312.491387725807,1084.9123999942094,2126.291799999308,351.0
1787609668,6,,Aggregated,2.900000,0.000000,1800,1900,1900,2000,2000,2100,2100,2100,2100,2100,2100,334,0,1300,1312.491387725807,1084.9123999942094,2126.291799999308,351.0
1787609669,6,POST,/chat/completions,3.100000,0.000000,1800,1900,1900,2000,2000,2100,2100,2100,2100,2100,2100,338,0,1300,1318.0198857999721,1084.9123999942094,2126.291799999308,351.0
1787609669,6,,Aggregated,3.100000,0.000000,1800,1900,1900,2000,2000,2100,2100,2100,2100,2100,2100,338,0,1300,1318.0198857999721,1084.9123999942094,2126.291799999308,351.0
1787609670,6,POST,/chat/completions,3.200000,0.000000,1800,1900,1900,2000,2000,2100,2100,2100,2100,2100,2100,341,0,1300,1322.5393319659343,1084.9123999942094,2126.291799999308,351.0
1787609670,6,,Aggregated,3.200000,0.000000,1800,1900,1900,2000,2000,2100,2100,2100,2100,2100,2100,341,0,1300,1322.5393319659343,1084.9123999942094,2126.291799999308,351.0
1787609671,6,POST,/chat/completions,3.200000,0.000000,1800,1900,1900,2000,2000,2000,2100,2100,2100,2100,2100,345,0,1300,1328.0479043490166,1084.9123999942094,2126.291799999308,351.0
1787609671,6,,Aggregated,3.200000,0.000000,1800,1900,1900,2000,2000,2000,2100,2100,2100,2100,2100,345,0,1300,1328.0479043490166,1084.9123999942094,2126.291799999308,351.0
1787609672,6,POST,/chat/completions,3.000000,0.000000,1800,1900,1900,2000,2000,2000,2100,2100,2100,2100,2100,347,0,1300,1330.3226374650994,1084.9123999942094,2126.291799999308,351.0
1787609672,6,,Aggregated,3.000000,0.000000,1800,1900,1900,2000,2000,2000,2100,2100,2100,2100,2100,347,0,1300,1330.3226374650994,1084.9123999942094,2126.291799999308,351.0
1787609673,6,POST,/chat/completions,3.200000,0.000000,1700,1800,1900,1900,2000,2000,2000,2000,2000,2000,2000,351,0,1300,1334.6853131065848,1084.9123999942094,2126.291799999308,351.0
1787609673,6,,Aggregated,3.200000,0.000000,1700,1800,1900,1900,2000,2000,2000,2000,2000,2000,2000,351,0,1300,1334.6853131065848,1084.9123999942094,2126.291799999308,351.0
1787609674,6,POST,/chat/completions,3.200000,0.000000,1800,1800,1900,1900,2000,2000,2000,2000,2000,2000,2000,353,0,1300,1337.6919767716615,1084.9123999942094,2126.291799999308,351.0
1787609674,6,,Aggregated,3.200000,0.000000,1800,1800,1900,1900,2000,2000,2000,2000,2000,2000,2000,353,0,1300,1337.6919767716615,1084.9123999942094,2126.291799999308,351.0
1787609675,6,POST,/chat/completions,3.200000,0.000000,1800,1900,1900,1900,2000,2000,2000,2000,2000,2000,2000,357,0,1300,1344.2580910374772,1084.9123999942094,2126.291799999308,351.0
1787609675,6,,Aggregated,3.200000,0.000000,1800,1900,1900,1900,2000,2000,2000,2000,2000,2000,2000,357,0,1300,1344.2580910374772,1084.9123999942094,2126.291799999308,351.0
1787609676,6,POST,/chat/completions,3.200000,0.000000,1800,1900,1900,2000,2000,2000,2000,2000,2000,2000,2000,359,0,1300,1347.3549272991038,1084.9123999942094,2126.291799999308,351.0
1787609676,6,,Aggregated,3.200000,0.000000,1800,1900,1900,2000,2000,2000,2000,2000,2000,2000,2000,359,0,1300,1347.3549272991038,1084.9123999942094,2126.291799999308,351.0
1787609677,6,POST,/chat/completions,3.300000,0.000000,1800,1900,1900,2000,2000,2000,2000,2000,2000,2000,2000,362,0,1300,1350.7937831502345,1084.9123999942094,2126.291799999308,351.0
1787609677,6,,Aggregated,3.300000,0.000000,1800,1900,1900,2000,2000,2000,2000,2000,2000,2000,2000,362,0,1300,1350.7937831502345,1084.9123999942094,2126.291799999308,351.0
1787609678,6,POST,/chat/completions,3.200000,0.000000,1800,1900,1900,2000,2000,2000,2100,2100,2100,2100,2100,366,0,1300,1355.5898243180334,1084.9123999942094,2126.291799999308,351.0
1787609678,6,,Aggregated,3.200000,0.000000,1800,1900,1900,2000,2000,2000,2100,2100,2100,2100,2100,366,0,1300,1355.5898243180334,1084.9123999942094,2126.291799999308,351.0
1787609679,6,POST,/chat/completions,3.200000,0.000000,1800,1900,1900,2000,2000,2100,2300,2300,2300,2300,2300,369,0,1300,1360.6798539306023,1084.9123999942094,2266.0946999967564,351.0
1787609679,6,,Aggregated,3.200000,0.000000,1800,1900,1900,2000,2000,2100,2300,2300,2300,2300,2300,369,0,1300,1360.6798539306023,1084.9123999942094,2266.0946999967564,351.0
1787609680,6,POST,/chat/completions,3.100000,0.000000,1900,1900,1900,2000,2100,2100,2300,2300,2300,2300,2300,371,0,1300,1364.2669431277648,1084.9123999942094,2266.0946999967564,351.0
1787609680,6,,Aggregated,3.100000,0.000000,1900,1900,1900,2000,2100,2100,2300,2300,2300,2300,2300,371,0,1300,1364.2669431277648,1084.9123999942094,2266.0946999967564,351.0
1787609681,6,POST,/chat/completions,3.100000,0.000000,1900,1900,2000,2000,2100,2100,2300,2300,2300,2300,2300,374,0,1300,1368.8093443861217,1084.9123999942094,2266.0946999967564,351.0
1787609681,6,,Aggregated,3.100000,0.000000,1900,1900,2000,2000,2100,2100,2300,2300,2300,2300,2300,374,0,1300,1368.8093443861217,1084.9123999942094,2266.0946999967564,351.0
1787609682,6,POST,/chat/completions,3.100000,0.000000,1900,1900,2000,2100,2100,2100,2300,2300,2300,2300,2300,378,0,1300,1374.8237830699143,1084.9123999942094,2266.0946999967564,351.0
1787609682,6,,Aggregated,3.100000,0.000000,1900,1900,2000,2100,2100,2100,2300,2300,2300,2300,2300,378,0,1300,1374.8237830699143,1084.9123999942094,2266.0946999967564,351.0
1787609683,6,POST,/chat/completions,3.000000,0.000000,1900,2000,2000,2100,2100,2100,2300,2300,2300,2300,2300,381,0,1300,1378.520345932934,1084.9123999942094,2266.0946999967564,351.0
1787609683,6,,Aggregated,3.000000,0.000000,1900,2000,2000,2100,2100,2100,2300,2300,2300,2300,2300,381,0,1300,1378.520345932934,1084.9123999942094,2266.0946999967564,351.0
1787609684,6,POST,/chat/completions,3.100000,0.000000,1900,2000,2100,2100,2100,2100,2300,2300,2300,2300,2300,383,0,1300,1380.9417950402972,1084.9123999942094,2266.0946999967564,351.0
1787609684,6,,Aggregated,3.100000,0.000000,1900,2000,2100,2100,2100,2100,2300,2300,2300,2300,2300,383,0,1300,1380.9417950402972,1084.9123999942094,2266.0946999967564,351.0
1787609685,6,POST,/chat/completions,3.000000,0.000000,1900,2000,2100,2100,2100,2100,2300,2300,2300,2300,2300,387,0,1300,1385.7081136963293,1084.9123999942094,2266.0946999967564,351.0
1787609685,6,,Aggregated,3.000000,0.000000,1900,2000,2100,2100,2100,2100,2300,2300,2300,2300,2300,387,0,1300,1385.7081136963293,1084.9123999942094,2266.0946999967564,351.0
1787609686,6,POST,/chat/completions,2.900000,0.000000,1900,2000,2100,2100,2100,2300,2300,2300,2300,2300,2300,390,0,1300,1389.5886956423055,1084.9123999942094,2319.214399991324,351.0
1787609686,6,,Aggregated,2.900000,0.000000,1900,2000,2100,2100,2100,2300,2300,2300,2300,2300,2300,390,0,1300,1389.5886956423055,1084.9123999942094,2319.214399991324,351.0
1787609687,6,POST,/chat/completions,3.100000,0.000000,1900,2000,2100,2100,2200,2300,2300,2300,2300,2300,2300,393,0,1300,1393.1851529275007,1084.9123999942094,2319.214399991324,351.0
1787609687,6,,Aggregated,3.100000,0.000000,1900,2000,2100,2100,2200,2300,2300,2300,2300,2300,2300,393,0,1300,1393.1851529275007,1084.9123999942094,2319.214399991324,351.0
1787609688,6,POST,/chat/completions,3.000000,0.000000,1900,2000,2100,2100,2100,2200,2300,2300,2300,2300,2300,395,0,1300,1396.0015402544625,1084.9123999942094,2319.214399991324,351.0
1787609688,6,,Aggregated,3.000000,0.000000,1900,2000,2100,2100,2100,2200,2300,2300,2300,2300,2300,395,0,1300,1396.0015402544625,1084.9123999942094,2319.214399991324,351.0
1787609689,6,POST,/chat/completions,3.000000,0.000000,2000,2000,2100,2100,2200,2300,2300,2300,2300,2300,2300,398,0,1300,1399.2206902022651,1084.9123999942094,2349.0224999841303,351.0
1787609689,6,,Aggregated,3.000000,0.000000,2000,2000,2100,2100,2200,2300,2300,2300,2300,2300,2300,398,0,1300,1399.2206902022651,1084.9123999942094,2349.0224999841303,351.0
1787609690,6,POST,/chat/completions,2.900000,0.000000,1900,2000,2100,2100,2300,2300,2400,2400,2400,2400,2400,402,0,1300,1404.2874569665098,1084.9123999942094,2376.366100012092,351.0
1787609690,6,,Aggregated,2.900000,0.000000,1900,2000,2100,2100,2300,2300,2400,2400,2400,2400,2400,402,0,1300,1404.2874569665098,1084.9123999942094,2376.366100012092,351.0
1787609691,6,POST,/chat/completions,3.000000,0.000000,1900,2000,2100,2200,2300,2400,2400,2400,2400,2400,2400,406,0,1300,1409.4542394101297,1084.9123999942094,2397.6955999969505,351.0
1787609691,6,,Aggregated,3.000000,0.000000,1900,2000,2100,2200,2300,2400,2400,2400,2400,2400,2400,406,0,1300,1409.4542394101297,1084.9123999942094,2397.6955999969505,351.0
1787609692,6,POST,/chat/completions,3.200000,0.000000,1900,2000,2100,2200,2300,2400,2400,2400,2400,2400,2400,407,0,1300,1410.9986648661443,1084.9123999942094,2397.6955999969505,351.0
1787609692,6,,Aggregated,3.200000,0.000000,1900,2000,2100,2200,2300,2400,2400,2400,2400,2400,2400,407,0,1300,1410.9986648661443,1084.9123999942094,2397.6955999969505,351.0
1787609693,6,POST,/chat/completions,3.200000,0.000000,2000,2100,2200,2200,2400,2400,2500,2500,2500,2500,2500,410,0,1300,1413.9327946353972,1084.9123999942094,2494.9930000002496,351.0
1787609693,6,,Aggregated,3.200000,0.000000,2000,2100,2200,2200,2400,2400,2500,2500,2500,2500,2500,410,0,1300,1413.9327946353972,1084.9123999942094,2494.9930000002496,351.0
1787609694,6,POST,/chat/completions,2.900000,0.000000,2000,2000,2200,2300,2400,2500,2500,2500,2500,2500,2500,414,0,1300,1418.4742594215961,1084.9123999942094,2494.9930000002496,351.0
1787609694,6,,Aggregated,2.900000,0.000000,2000,2000,2200,2300,2400,2500,2500,2500,2500,2500,2500,414,0,1300,1418.4742594215961,1084.9123999942094,2494.9930000002496,351.0
1787609695,6,POST,/chat/completions,3.100000,0.000000,1900,2100,2200,2200,2400,2500,2500,2500,2500,2500,2500,418,0,1300,1422.5472827764638,1084.9123999942094,2494.9930000002496,351.0
1787609695,6,,Aggregated,3.100000,0.000000,1900,2100,2200,2200,2400,2500,2500,2500,2500,2500,2500,418,0,1300,1422.5472827764638,1084.9123999942094,2494.9930000002496,351.0
1787609696,6,POST,/chat/completions,3.100000,0.000000,1900,2100,2200,2300,2400,2500,2500,2500,2500,2500,2500,420,0,1300,1425.6309466680423,1084.9123999942094,2494.9930000002496,351.0
1787609696,6,,Aggregated,3.100000,0.000000,1900,2100,2200,2300,2400,2500,2500,2500,2500,2500,2500,420,0,1300,1425.6309466680423,1084.9123999942094,2494.9930000002496,351.0
1787609697,6,POST,/chat/completions,3.000000,0.000000,1800,2100,2200,2300,2400,2500,2500,2500,2500,2500,2500,423,0,1300,1427.3213257696084,1084.9123999942094,2494.9930000002496,351.0
1787609697,6,,Aggregated,3.000000,0.000000,1800,2100,2200,2300,2400,2500,2500,2500,2500,2500,2500,423,0,1300,1427.3213257696084,1084.9123999942094,2494.9930000002496,351.0
1787609698,6,POST,/chat/completions,3.000000,0.000000,1800,2000,2200,2200,2400,2500,2500,2500,2500,2500,2500,426,0,1300,1429.6198633815486,1084.9123999942094,2494.9930000002496,351.0
1787609698,6,,Aggregated,3.000000,0.000000,1800,2000,2200,2200,2400,2500,2500,2500,2500,2500,2500,426,0,1300,1429.6198633815486,1084.9123999942094,2494.9930000002496,351.0
1787609699,6,POST,/chat/completions,3.100000,0.000000,1800,2000,2100,2200,2400,2500,2500,2500,2500,2500,2500,429,0,1300,1432.7438748263894,1084.9123999942094,2494.9930000002496,351.0
1787609699,6,,Aggregated,3.100000,0.000000,1800,2000,2100,2200,2400,2500,2500,2500,2500,2500,2500,429,0,1300,1432.7438748263894,1084.9123999942094,2494.9930000002496,351.0
1787609700,6,POST,/chat/completions,3.100000,0.000000,1800,2000,2000,2100,2400,2500,2500,2500,2500,2500,2500,432,0,1300,1435.968667130712,1084.9123999942094,2494.9930000002496,351.0
1787609700,6,,Aggregated,3.100000,0.000000,1800,2000,2000,2100,2400,2500,2500,2500,2500,2500,2500,432,0,1300,1435.968667130712,1084.9123999942094,2494.9930000002496,351.0
1787609701,6,POST,/chat/completions,3.000000,0.000000,1900,2000,2000,2100,2300,2500,2500,2500,2500,2500,2500,436,0,1300,1440.7318268358972,1084.9123999942094,2494.9930000002496,351.0
1787609701,6,,Aggregated,3.000000,0.000000,1900,2000,2000,2100,2300,2500,2500,2500,2500,2500,2500,436,0,1300,1440.7318268358972,1084.9123999942094,2494.9930000002496,351.0
1787609702,6,POST,/chat/completions,3.000000,0.000000,1900,2000,2000,2100,2300,2300,2500,2500,2500,2500,2500,439,0,1300,1444.5747403200035,1084.9123999942094,2494.9930000002496,351.0
1787609702,6,,Aggregated,3.000000,0.000000,1900,2000,2000,2100,2300,2300,2500,2500,2500,2500,2500,439,0,1300,1444.5747403200035,1084.9123999942094,2494.9930000002496,351.0
1787609703,6,POST,/chat/completions,3.100000,0.000000,1900,1900,2000,2100,2200,2300,2300,2300,2300,2300,2300,441,0,1300,1445.818425171157,1084.9123999942094,2494.9930000002496,351.0
1787609703,6,,Aggregated,3.100000,0.000000,1900,1900,2000,2100,2200,2300,2300,2300,2300,2300,2300,441,0,1300,1445.818425171157,1084.9123999942094,2494.9930000002496,351.0
1787609704,6,POST,/chat/completions,3.100000,0.000000,1800,1900,1900,2000,2200,2300,2300,2300,2300,2300,2300,445,0,1300,1448.5989591022403,1084.9123999942094,2494.9930000002496,351.0
1787609704,6,,Aggregated,3.100000,0.000000,1800,1900,1900,2000,2200,2300,2300,2300,2300,2300,2300,445,0,1300,1448.5989591022403,1084.9123999942094,2494.9930000002496,351.0
1787609705,6,POST,/chat/completions,3.000000,0.000000,1800,1900,1900,2000,2200,2300,2300,2300,2300,2300,2300,448,0,1300,1450.3529799117782,1084.9123999942094,2494.9930000002496,351.0
1787609705,6,,Aggregated,3.000000,0.000000,1800,1900,1900,2000,2200,2300,2300,2300,2300,2300,2300,448,0,1300,1450.3529799117782,1084.9123999942094,2494.9930000002496,351.0
1787609706,6,POST,/chat/completions,3.000000,0.000000,1800,1900,1900,2000,2100,2200,2300,2300,2300,2300,2300,451,0,1300,1452.2944000010646,1084.9123999942094,2494.9930000002496,351.0
1787609706,6,,Aggregated,3.000000,0.000000,1800,1900,1900,2000,2100,2200,2300,2300,2300,2300,2300,451,0,1300,1452.2944000010646,1084.9123999942094,2494.9930000002496,351.0
1787609707,6,POST,/chat/completions,3.100000,0.000000,1800,1900,1900,1900,2100,2200,2300,2300,2300,2300,2300,455,0,1400,1454.721186814157,1084.9123999942094,2494.9930000002496,351.0
1787609707,6,,Aggregated,3.100000,0.000000,1800,1900,1900,1900,2100,2200,2300,2300,2300,2300,2300,455,0,1400,1454.721186814157,1084.9123999942094,2494.9930000002496,351.0
1787609708,6,POST,/chat/completions,3.100000,0.000000,1800,1900,1900,1900,2100,2200,2300,2300,2300,2300,2300,458,0,1400,1457.0163827520764,1084.9123999942094,2494.9930000002496,351.0
1787609708,6,,Aggregated,3.100000,0.000000,1800,1900,1900,1900,2100,2200,2300,2300,2300,2300,2300,458,0,1400,1457.0163827520764,1084.9123999942094,2494.9930000002496,351.0
1787609709,6,POST,/chat/completions,3.100000,0.000000,1800,1900,1900,1900,2100,2200,2300,2300,2300,2300,2300,461,0,1400,1460.0768865518844,1084.9123999942094,2494.9930000002496,351.0
1787609709,6,,Aggregated,3.100000,0.000000,1800,1900,1900,1900,2100,2200,2300,2300,2300,2300,2300,461,0,1400,1460.0768865518844,1084.9123999942094,2494.9930000002496,351.0
1787609710,6,POST,/chat/completions,3.100000,0.000000,1800,1900,1900,1900,2000,2100,2300,2300,2300,2300,2300,465,0,1400,1462.7140245171295,1084.9123999942094,2494.9930000002496,351.0
1787609710,6,,Aggregated,3.100000,0.000000,1800,1900,1900,1900,2000,2100,2300,2300,2300,2300,2300,465,0,1400,1462.7140245171295,1084.9123999942094,2494.9930000002496,351.0
1787609711,6,POST,/chat/completions,3.100000,0.000000,1800,1800,1900,1900,2000,2100,2300,2300,2300,2300,2300,467,0,1400,1463.6923713072122,1084.9123999942094,2494.9930000002496,351.0
1787609711,6,,Aggregated,3.100000,0.000000,1800,1800,1900,1900,2000,2100,2300,2300,2300,2300,2300,467,0,1400,1463.6923713072122,1084.9123999942094,2494.9930000002496,351.0
1787609712,6,POST,/chat/completions,3.100000,0.000000,1800,1900,1900,1900,1900,2000,2100,2100,2100,2100,2100,471,0,1400,1466.492308918231,1084.9123999942094,2494.9930000002496,351.0
1787609712,6,,Aggregated,3.100000,0.000000,1800,1900,1900,1900,1900,2000,2100,2100,2100,2100,2100,471,0,1400,1466.492308918231,1084.9123999942094,2494.9930000002496,351.0
1787609713,6,POST,/chat/completions,3.200000,0.000000,1800,1900,1900,1900,1900,2000,2100,2100,2100,2100,2100,475,0,1400,1468.3830562115672,1084.9123999942094,2494.9930000002496,351.0
1787609713,6,,Aggregated,3.200000,0.000000,1800,1900,1900,1900,1900,2000,2100,2100,2100,2100,2100,475,0,1400,1468.3830562115672,1084.9123999942094,2494.9930000002496,351.0
1787609714,6,POST,/chat/completions,3.200000,0.000000,1800,1900,1900,1900,2100,2200,2200,2200,2200,2200,2200,477,0,1400,1471.3316194979627,1084.9123999942094,2494.9930000002496,351.0
1787609714,6,,Aggregated,3.200000,0.000000,1800,1900,1900,1900,2100,2200,2200,2200,2200,2200,2200,477,0,1400,1471.3316194979627,1084.9123999942094,2494.9930000002496,351.0
1787609715,6,POST,/chat/completions,3.200000,0.000000,1800,1900,1900,1900,2100,2200,2200,2200,2200,2200,2200,479,0,1400,1471.547234656704,1084.9123999942094,2494.9930000002496,351.0
1787609715,6,,Aggregated,3.200000,0.000000,1800,1900,1900,1900,2100,2200,2200,2200,2200,2200,2200,479,0,1400,1471.547234656704,1084.9123999942094,2494.9930000002496,351.0
1787609716,6,POST,/chat/completions,3.200000,0.000000,1800,1900,1900,2000,2200,2200,2200,2200,2200,2200,2200,483,0,1400,1474.227931885245,1084.9123999942094,2494.9930000002496,351.0
1787609716,6,,Aggregated,3.200000,0.000000,1800,1900,1900,2000,2200,2200,2200,2200,2200,2200,2200,483,0,1400,1474.227931885245,1084.9123999942094,2494.9930000002496,351.0
1787609717,6,POST,/chat/completions,3.200000,0.000000,1800,1900,2000,2100,2200,2200,2300,2300,2300,2300,2300,487,0,1400,1477.1748552373415,1084.9123999942094,2494.9930000002496,351.0
1787609717,6,,Aggregated,3.200000,0.000000,1800,1900,2000,2100,2200,2200,2300,2300,2300,2300,2300,487,0,1400,1477.1748552373415,1084.9123999942094,2494.9930000002496,351.0
1787609718,8,POST,/chat/completions,3.200000,0.000000,1800,1900,2200,2200,2200,2300,2400,2400,2400,2400,2400,490,0,1400,1480.198219184923,1084.9123999942094,2494.9930000002496,351.0
1787609718,8,,Aggregated,3.200000,0.000000,1800,1900,2200,2200,2200,2300,2400,2400,2400,2400,2400,490,0,1400,1480.198219184923,1084.9123999942094,2494.9930000002496,351.0
1787609719,10,POST,/chat/completions,3.000000,0.000000,1800,2100,2200,2200,2200,2300,2400,2400,2400,2400,2400,492,0,1400,1481.5653500012766,1084.9123999942094,2494.9930000002496,351.0
1787609719,10,,Aggregated,3.000000,0.000000,1800,2100,2200,2200,2200,2300,2400,2400,2400,2400,2400,492,0,1400,1481.5653500012766,1084.9123999942094,2494.9930000002496,351.0
1787609720,10,POST,/chat/completions,3.100000,0.000000,1900,2100,2200,2200,2300,2400,2400,2400,2400,2400,2400,496,0,1400,1485.2950784287157,1084.9123999942094,2494.9930000002496,351.0
1787609720,10,,Aggregated,3.100000,0.000000,1900,2100,2200,2200,2300,2400,2400,2400,2400,2400,2400,496,0,1400,1485.2950784287157,1084.9123999942094,2494.9930000002496,351.0
1787609721,10,POST,/chat/completions,3.200000,0.000000,2100,2200,2200,2300,2500,2500,2700,2700,2700,2700,2700,499,0,1400,1491.9555086185474,1084.9123999942094,2692.8169000020716,351.0
1787609721,10,,Aggregated,3.200000,0.000000,2100,2200,2200,2300,2500,2500,2700,2700,2700,2700,2700,499,0,1400,1491.9555086185474,1084.9123999942094,2692.8169000020716,351.0
1787609722,10,POST,/chat/completions,3.100000,0.000000,2200,2200,2300,2400,2500,2700,2800,2800,2800,2800,2800,501,0,1400,1496.4975678655778,1084.9123999942094,2801.9496999913827,351.0
1787609722,10,,Aggregated,3.100000,0.000000,2200,2200,2300,2400,2500,2700,2800,2800,2800,2800,2800,501,0,1400,1496.4975678655778,1084.9123999942094,2801.9496999913827,351.0
1787609723,10,POST,/chat/completions,3.000000,0.000000,2200,2400,2500,2700,3000,3100,3500,3500,3500,3500,3500,505,0,1400,1509.2311716845402,1084.9123999942094,3525.870900019072,351.0
1787609723,10,,Aggregated,3.000000,0.000000,2200,2400,2500,2700,3000,3100,3500,3500,3500,3500,3500,505,0,1400,1509.2311716845402,1084.9123999942094,3525.870900019072,351.0
1787609724,10,POST,/chat/completions,3.100000,0.000000,2300,2500,2800,2800,3100,3200,3500,3500,3500,3500,3500,508,0,1400,1517.5979724423144,1084.9123999942094,3525.870900019072,351.0
1787609724,10,,Aggregated,3.100000,0.000000,2300,2500,2800,2800,3100,3200,3500,3500,3500,3500,3500,508,0,1400,1517.5979724423144,1084.9123999942094,3525.870900019072,351.0
1787609725,10,POST,/chat/completions,3.200000,0.000000,2500,2800,2800,3000,3300,3400,3500,3500,3500,3500,3500,512,0,1400,1529.7540529310254,1084.9123999942094,3525.870900019072,351.0
1787609725,10,,Aggregated,3.200000,0.000000,2500,2800,2800,3000,3300,3400,3500,3500,3500,3500,3500,512,0,1400,1529.7540529310254,1084.9123999942094,3525.870900019072,351.0
1787609726,10,POST,/chat/completions,3.100000,0.000000,2500,2800,2900,3000,3200,3400,3500,3500,3500,3500,3500,514,0,1400,1535.3867869663025,1084.9123999942094,3525.870900019072,351.0
1787609726,10,,Aggregated,3.100000,0.000000,2500,2800,2900,3000,3200,3400,3500,3500,3500,3500,3500,514,0,1400,1535.3867869663025,1084.9123999942094,3525.870900019072,351.0
1787609727,10,POST,/chat/completions,3.000000,0.000000,2700,2800,3100,3200,3400,3500,3500,3500,3500,3500,3500,517,0,1400,1544.8315361714192,1084.9123999942094,3525.870900019072,351.0
1787609727,10,,Aggregated,3.000000,0.000000,2700,2800,3100,3200,3400,3500,3500,3500,3500,3500,3500,517,0,1400,1544.8315361714192,1084.9123999942094,3525.870900019072,351.0
1787609728,10,POST,/chat/completions,3.000000,0.000000,2800,3100,3200,3300,3400,3500,3500,3500,3500,3500,3500,520,0,1400,1553.8614638473798,1084.9123999942094,3525.870900019072,351.0
1787609728,10,,Aggregated,3.000000,0.000000,2800,3100,3200,3300,3400,3500,3500,3500,3500,3500,3500,520,0,1400,1553.8614638473798,1084.9123999942094,3525.870900019072,351.0
1787609729,10,POST,/chat/completions,3.300000,0.000000,2900,3200,3300,3300,3500,3500,3500,3500,3500,3500,3500,524,0,1400,1566.5758513371288,1084.9123999942094,3525.870900019072,351.0
1787609729,10,,Aggregated,3.300000,0.000000,2900,3200,3300,3300,3500,3500,3500,3500,3500,3500,3500,524,0,1400,1566.5758513371288,1084.9123999942094,3525.870900019072,351.0
1787609730,10,POST,/chat/completions,3.100000,0.000000,3000,3200,3300,3300,3500,3500,3600,3600,3600,3600,3600,527,0,1400,1576.374902467977,1084.9123999942094,3622.9899000027217,351.0
1787609730,10,,Aggregated,3.100000,0.000000,3000,3200,3300,3300,3500,3500,3600,3600,3600,3600,3600,527,0,1400,1576.374902467977,1084.9123999942094,3622.9899000027217,351.0
1787609731,10,POST,/chat/completions,3.000000,0.000000,3200,3300,3300,3400,3500,3500,3600,3600,3600,3600,3600,529,0,1400,1582.042357468091,1084.9123999942094,3622.9899000027217,351.0
1787609731,10,,Aggregated,3.000000,0.000000,3200,3300,3300,3400,3500,3500,3600,3600,3600,3600,3600,529,0,1400,1582.042357468091,1084.9123999942094,3622.9899000027217,351.0
1787609732,10,POST,/chat/completions,3.100000,0.000000,3200,3300,3300,3400,3500,3600,3600,3600,3600,3600,3600,533,0,1400,1593.9234527215947,1084.9123999942094,3624.9316000030376,351.0
1787609732,10,,Aggregated,3.100000,0.000000,3200,3300,3300,3400,3500,3600,3600,3600,3600,3600,3600,533,0,1400,1593.9234527215947,1084.9123999942094,3624.9316000030376,351.0
1787609733,10,POST,/chat/completions,3.200000,0.000000,3200,3300,3300,3400,3500,3600,3600,3600,3600,3600,3600,537,0,1400,1605.4036281202978,1084.9123999942094,3624.9316000030376,351.0
1787609733,10,,Aggregated,3.200000,0.000000,3200,3300,3300,3400,3500,3600,3600,3600,3600,3600,3600,537,0,1400,1605.4036281202978,1084.9123999942094,3624.9316000030376,351.0
1787609734,10,POST,/chat/completions,3.100000,0.000000,3200,3300,3300,3400,3600,3600,3800,3800,3800,3800,3800,540,0,1400,1614.2715609270251,1084.9123999942094,3812.500900006853,351.0
1787609734,10,,Aggregated,3.100000,0.000000,3200,3300,3300,3400,3600,3600,3800,3800,3800,3800,3800,540,0,1400,1614.2715609270251,1084.9123999942094,3812.500900006853,351.0
1787609735,10,POST,/chat/completions,3.100000,0.000000,3200,3300,3300,3500,3600,3600,3800,3800,3800,3800,3800,541,0,1400,1616.4891214428756,1084.9123999942094,3812.500900006853,351.0
1787609735,10,,Aggregated,3.100000,0.000000,3200,3300,3300,3500,3600,3600,3800,3800,3800,3800,3800,541,0,1400,1616.4891214428756,1084.9123999942094,3812.500900006853,351.0
1787609736,10,POST,/chat/completions,3.100000,0.000000,3200,3300,3300,3500,3600,3600,3800,3800,3800,3800,3800,545,0,1400,1626.871113579105,1084.9123999942094,3812.500900006853,351.0
1787609736,10,,Aggregated,3.100000,0.000000,3200,3300,3300,3500,3600,3600,3800,3800,3800,3800,3800,545,0,1400,1626.871113579105,1084.9123999942094,3812.500900006853,351.0
1787609737,10,POST,/chat/completions,3.200000,0.000000,3100,3200,3300,3500,3600,3600,3800,3800,3800,3800,3800,549,0,1400,1636.828893261668,1084.9123999942094,3812.500900006853,351.0
1787609737,10,,Aggregated,3.200000,0.000000,3100,3200,3300,3500,3600,3600,3800,3800,3800,3800,3800,549,0,1400,1636.828893261668,1084.9123999942094,3812.500900006853,351.0
1787609738,10,POST,/chat/completions,3.200000,0.000000,3100,3300,3400,3500,3600,3600,3800,3800,3800,3800,3800,552,0,1400,1644.925655617123,1084.9123999942094,3812.500900006853,351.0
1787609738,10,,Aggregated,3.200000,0.000000,3100,3300,3400,3500,3600,3600,3800,3800,3800,3800,3800,552,0,1400,1644.925655617123,1084.9123999942094,3812.500900006853,351.0
1787609739,10,POST,/chat/completions,3.000000,0.000000,3100,3300,3400,3500,3600,3600,3800,3800,3800,3800,3800,555,0,1400,1653.276754595782,1084.9123999942094,3812.500900006853,351.0
1787609739,10,,Aggregated,3.000000,0.000000,3100,3300,3400,3500,3600,3600,3800,3800,3800,3800,3800,555,0,1400,1653.276754595782,1084.9123999942094,3812.500900006853,351.0
1787609740,10,POST,/chat/completions,3.100000,0.000000,3100,3300,3400,3400,3600,3600,3800,3800,3800,3800,3800,557,0,1400,1657.7900366259792,1084.9123999942094,3812.500900006853,351.0
1787609740,10,,Aggregated,3.100000,0.000000,3100,3300,3400,3400,3600,3600,3800,3800,3800,3800,3800,557,0,1400,1657.7900366259792,1084.9123999942094,3812.500900006853,351.0
1787609741,10,POST,/chat/completions,3.200000,0.000000,3100,3300,3400,3400,3600,3600,3800,3800,3800,3800,3800,561,0,1400,1668.0848989317171,1084.9123999942094,3812.500900006853,351.0
1787609741,10,,Aggregated,3.200000,0.000000,3100,3300,3400,3400,3600,3600,3800,3800,3800,3800,3800,561,0,1400,1668.0848989317171,1084.9123999942094,3812.500900006853,351.0
1787609742,10,POST,/chat/completions,3.100000,0.000000,3100,3300,3400,3400,3600,3700,3800,3800,3800,3800,3800,564,0,1400,1675.9960349302526,1084.9123999942094,3812.500900006853,351.0
1787609742,10,,Aggregated,3.100000,0.000000,3100,3300,3400,3400,3600,3700,3800,3800,3800,3800,3800,564,0,1400,1675.9960349302526,1084.9123999942094,3812.500900006853,351.0
1787609743,10,POST,/chat/completions,3.200000,0.000000,3100,3300,3400,3400,3500,3700,3800,3800,3800,3800,3800,568,0,1400,1686.5926294026074,1084.9123999942094,3812.500900006853,351.0
1787609743,10,,Aggregated,3.200000,0.000000,3100,3300,3400,3400,3500,3700,3800,3800,3800,3800,3800,568,0,1400,1686.5926294026074,1084.9123999942094,3812.500900006853,351.0
1787609744,10,POST,/chat/completions,3.100000,0.000000,3100,3300,3400,3400,3500,3600,3700,3700,3700,3700,3700,570,0,1400,1690.6378342117503,1084.9123999942094,3812.500900006853,351.0
1787609744,10,,Aggregated,3.100000,0.000000,3100,3300,3400,3400,3500,3600,3700,3700,3700,3700,3700,570,0,1400,1690.6378342117503,1084.9123999942094,3812.500900006853,351.0
1787609745,10,POST,/chat/completions,3.200000,0.000000,3100,3300,3400,3400,3500,3700,3800,3800,3800,3800,3800,573,0,1400,1699.586595463677,1084.9123999942094,3812.500900006853,351.0
1787609745,10,,Aggregated,3.200000,0.000000,3100,3300,3400,3400,3500,3700,3800,3800,3800,3800,3800,573,0,1400,1699.586595463677,1084.9123999942094,3812.500900006853,351.0
1787609746,10,POST,/chat/completions,3.100000,0.000000,3100,3300,3400,3400,3500,3800,3900,3900,3900,3900,3900,577,0,1400,1710.2906604864806,1084.9123999942094,3850.1229000103194,351.0
1787609746,10,,Aggregated,3.100000,0.000000,3100,3300,3400,3400,3500,3800,3900,3900,3900,3900,3900,577,0,1400,1710.2906604864806,1084.9123999942094,3850.1229000103194,351.0
1787609747,10,POST,/chat/completions,3.100000,0.000000,3200,3300,3400,3400,3700,3800,3900,3900,3900,3900,3900,580,0,1400,1718.191057932262,1084.9123999942094,3850.1229000103194,351.0
1787609747,10,,Aggregated,3.100000,0.000000,3200,3300,3400,3400,3700,3800,3900,3900,3900,3900,3900,580,0,1400,1718.191057932262,1084.9123999942094,3850.1229000103194,351.0
1787609748,10,POST,/chat/completions,2.900000,0.000000,3200,3300,3400,3400,3800,3800,3900,3900,3900,3900,3900,583,0,1400,1724.6872171538755,1084.9123999942094,3850.1229000103194,351.0
1787609748,10,,Aggregated,2.900000,0.000000,3200,3300,3400,3400,3800,3800,3900,3900,3900,3900,3900,583,0,1400,1724.6872171538755,1084.9123999942094,3850.1229000103194,351.0
1787609749,10,POST,/chat/completions,3.100000,0.000000,3100,3300,3400,3500,3800,3800,3900,3900,3900,3900,3900,585,0,1400,1730.2518227362993,1084.9123999942094,3850.1229000103194,351.0
1787609749,10,,Aggregated,3.100000,0.000000,3100,3300,3400,3500,3800,3800,3900,3900,3900,3900,3900,585,0,1400,1730.2518227362993,1084.9123999942094,3850.1229000103194,351.0
1787609750,10,POST,/chat/completions,3.100000,0.000000,3100,3300,3400,3600,3800,3800,3900,3900,3900,3900,3900,589,0,1400,1738.983811885818,1084.9123999942094,3850.1229000103194,351.0
1787609750,10,,Aggregated,3.100000,0.000000,3100,3300,3400,3600,3800,3800,3900,3900,3900,3900,3900,589,0,1400,1738.983811885818,1084.9123999942094,3850.1229000103194,351.0
1787609751,10,POST,/chat/completions,3.100000,0.000000,3100,3300,3400,3500,3800,3800,3900,3900,3900,3900,3900,593,0,1400,1748.0346285003338,1084.9123999942094,3850.1229000103194,351.0
1787609751,10,,Aggregated,3.100000,0.000000,3100,3300,3400,3500,3800,3800,3900,3900,3900,3900,3900,593,0,1400,1748.0346285003338,1084.9123999942094,3850.1229000103194,351.0
1787609752,10,POST,/chat/completions,3.000000,0.000000,3100,3400,3400,3500,3800,3800,3900,3900,3900,3900,3900,596,0,1400,1755.7492018468295,1084.9123999942094,3850.1229000103194,351.0
1787609752,10,,Aggregated,3.000000,0.000000,3100,3400,3400,3500,3800,3800,3900,3900,3900,3900,3900,596,0,1400,1755.7492018468295,1084.9123999942094,3850.1229000103194,351.0
1787609753,10,POST,/chat/completions,2.900000,0.000000,3100,3400,3400,3600,3800,3800,3900,3900,3900,3900,3900,598,0,1400,1760.178755017873,1084.9123999942094,3850.1229000103194,351.0
1787609753,10,,Aggregated,2.900000,0.000000,3100,3400,3400,3600,3800,3800,3900,3900,3900,3900,3900,598,0,1400,1760.178755017873,1084.9123999942094,3850.1229000103194,351.0
1787609754,10,POST,/chat/completions,3.100000,0.000000,3100,3400,3400,3400,3800,3800,3900,3900,3900,3900,3900,601,0,1400,1766.2236176383915,1084.9123999942094,3850.1229000103194,351.0
1787609754,10,,Aggregated,3.100000,0.000000,3100,3400,3400,3400,3800,3800,3900,3900,3900,3900,3900,601,0,1400,1766.2236176383915,1084.9123999942094,3850.1229000103194,351.0
1787609755,10,POST,/chat/completions,3.200000,0.000000,3100,3400,3400,3400,3600,3800,3900,3900,3900,3900,3900,605,0,1400,1774.7122995052698,1084.9123999942094,3850.1229000103194,351.0
1787609755,10,,Aggregated,3.200000,0.000000,3100,3400,3400,3400,3600,3800,3900,3900,3900,3900,3900,605,0,1400,1774.7122995052698,1084.9123999942094,3850.1229000103194,351.0
1787609756,10,POST,/chat/completions,3.100000,0.000000,3100,3400,3400,3400,3600,3800,3800,3800,3800,3800,3800,609,0,1400,1783.8661868648687,1084.9123999942094,3850.1229000103194,351.0
1787609756,10,,Aggregated,3.100000,0.000000,3100,3400,3400,3400,3600,3800,3800,3800,3800,3800,3800,609,0,1400,1783.8661868648687,1084.9123999942094,3850.1229000103194,351.0
1787609757,10,POST,/chat/completions,2.900000,0.000000,3100,3400,3400,3400,3600,3700,3800,3800,3800,3800,3800,612,0,1500,1790.764814216803,1084.9123999942094,3850.1229000103194,351.0
1787609757,10,,Aggregated,2.900000,0.000000,3100,3400,3400,3400,3600,3700,3800,3800,3800,3800,3800,612,0,1500,1790.764814216803,1084.9123999942094,3850.1229000103194,351.0
1787609758,10,POST,/chat/completions,2.900000,0.000000,2900,3400,3400,3400,3600,3700,3700,3700,3700,3700,3700,613,0,1500,1791.9187631332609,1084.9123999942094,3850.1229000103194,351.0
1787609758,10,,Aggregated,2.900000,0.000000,2900,3400,3400,3400,3600,3700,3700,3700,3700,3700,3700,613,0,1500,1791.9187631332609,1084.9123999942094,3850.1229000103194,351.0
1787609759,10,POST,/chat/completions,3.200000,0.000000,2900,3400,3400,3500,3600,3700,3800,3800,3800,3800,3800,617,0,1500,1800.6686012977505,1084.9123999942094,3850.1229000103194,351.0
1787609759,10,,Aggregated,3.200000,0.000000,2900,3400,3400,3500,3600,3700,3800,3800,3800,3800,3800,617,0,1500,1800.6686012977505,1084.9123999942094,3850.1229000103194,351.0
1787609760,10,POST,/chat/completions,3.300000,0.000000,3300,3400,3500,3500,3600,3700,3800,3800,3800,3800,3800,621,0,1500,1808.964164574419,1084.9123999942094,3850.1229000103194,351.0
1787609760,10,,Aggregated,3.300000,0.000000,3300,3400,3500,3500,3600,3700,3800,3800,3800,3800,3800,621,0,1500,1808.964164574419,1084.9123999942094,3850.1229000103194,351.0
1787609761,10,POST,/chat/completions,2.900000,0.000000,3400,3400,3500,3600,3700,3800,3800,3800,3800,3800,3800,625,0,1500,1817.3423227211927,1084.9123999942094,3850.1229000103194,351.0
1787609761,10,,Aggregated,2.900000,0.000000,3400,3400,3500,3600,3700,3800,3800,3800,3800,3800,3800,625,0,1500,1817.3423227211927,1084.9123999942094,3850.1229000103194,351.0
1787609762,10,POST,/chat/completions,3.100000,0.000000,3300,3400,3500,3600,3800,3800,3800,3800,3800,3800,3800,626,0,1500,1819.7842217264356,1084.9123999942094,3850.1229000103194,351.0
1787609762,10,,Aggregated,3.100000,0.000000,3300,3400,3500,3600,3800,3800,3800,3800,3800,3800,3800,626,0,1500,1819.7842217264356,1084.9123999942094,3850.1229000103194,351.0
1787609763,10,POST,/chat/completions,3.200000,0.000000,2800,3400,3500,3700,3800,3800,3800,3800,3800,3800,3800,629,0,1500,1825.101420509948,1084.9123999942094,3850.1229000103194,351.0
1787609763,10,,Aggregated,3.200000,0.000000,2800,3400,3500,3700,3800,3800,3800,3800,3800,3800,3800,629,0,1500,1825.101420509948,1084.9123999942094,3850.1229000103194,351.0
1787609764,10,POST,/chat/completions,3.200000,0.000000,3300,3500,3500,3600,3700,3800,3800,3800,3800,3800,3800,633,0,1500,1832.791933492512,1084.9123999942094,3850.1229000103194,351.0
1787609764,10,,Aggregated,3.200000,0.000000,3300,3500,3500,3600,3700,3800,3800,3800,3800,3800,3800,633,0,1500,1832.791933492512,1084.9123999942094,3850.1229000103194,351.0
1787609765,10,POST,/chat/completions,3.000000,0.000000,3300,3500,3600,3700,3700,3800,3800,3800,3800,3800,3800,637,0,1500,1840.9027720577565,1084.9123999942094,3850.1229000103194,351.0
1787609765,10,,Aggregated,3.000000,0.000000,3300,3500,3600,3700,3700,3800,3800,3800,3800,3800,3800,637,0,1500,1840.9027720577565,1084.9123999942094,3850.1229000103194,351.0
1787609766,10,POST,/chat/completions,3.000000,0.000000,3100,3500,3500,3700,3800,3800,3800,3800,3800,3800,3800,638,0,1500,1842.8648713178573,1084.9123999942094,3850.1229000103194,351.0
1787609766,10,,Aggregated,3.000000,0.000000,3100,3500,3500,3700,3800,3800,3800,3800,3800,3800,3800,638,0,1500,1842.8648713178573,1084.9123999942094,3850.1229000103194,351.0
1787609767,10,POST,/chat/completions,3.200000,0.000000,3000,3500,3500,3700,3700,3800,3800,3800,3800,3800,3800,642,0,1500,1850.9429143314237,1084.9123999942094,3850.1229000103194,351.0
1787609767,10,,Aggregated,3.200000,0.000000,3000,3500,3500,3700,3700,3800,3800,3800,3800,3800,3800,642,0,1500,1850.9429143314237,1084.9123999942094,3850.1229000103194,351.0
1787609768,10,POST,/chat/completions,3.200000,0.000000,3000,3500,3500,3700,3800,3800,3900,3900,3900,3900,3900,646,0,1500,1858.994854026025,1084.9123999942094,3852.2967000026256,351.0
1787609768,10,,Aggregated,3.200000,0.000000,3000,3500,3500,3700,3800,3800,3900,3900,3900,3900,3900,646,0,1500,1858.994854026025,1084.9123999942094,3852.2967000026256,351.0
1787609769,10,POST,/chat/completions,2.900000,0.000000,3000,3300,3500,3700,3700,3800,3900,3900,3900,3900,3900,650,0,1500,1866.2961727704476,1084.9123999942094,3852.2967000026256,351.0
1787609769,10,,Aggregated,2.900000,0.000000,3000,3300,3500,3700,3700,3800,3900,3900,3900,3900,3900,650,0,1500,1866.2961727704476,1084.9123999942094,3852.2967000026256,351.0
1787609770,10,POST,/chat/completions,2.900000,0.000000,3000,3300,3500,3700,3700,3800,3900,3900,3900,3900,3900,652,0,1500,1869.4918453999605,1084.9123999942094,3852.2967000026256,351.0
1787609770,10,,Aggregated,2.900000,0.000000,3000,3300,3500,3700,3700,3800,3900,3900,3900,3900,3900,652,0,1500,1869.4918453999605,1084.9123999942094,3852.2967000026256,351.0
1787609772,10,POST,/chat/completions,3.300000,0.000000,3000,3300,3500,3500,3700,3700,3900,3900,3900,3900,3900,655,0,1500,1875.2093716042439,1084.9123999942094,3852.2967000026256,351.0
1787609772,10,,Aggregated,3.300000,0.000000,3000,3300,3500,3500,3700,3700,3900,3900,3900,3900,3900,655,0,1500,1875.2093716042439,1084.9123999942094,3852.2967000026256,351.0
1787609773,10,POST,/chat/completions,3.300000,0.000000,3000,3300,3400,3500,3700,3700,3900,3900,3900,3900,3900,658,0,1500,1879.7213141349077,1084.9123999942094,3852.2967000026256,351.0
1787609773,10,,Aggregated,3.300000,0.000000,3000,3300,3400,3500,3700,3700,3900,3900,3900,3900,3900,658,0,1500,1879.7213141349077,1084.9123999942094,3852.2967000026256,351.0
1787609774,10,POST,/chat/completions,3.100000,0.000000,3000,3300,3300,3500,3700,3700,3900,3900,3900,3900,3900,662,0,1500,1887.2404188833293,1084.9123999942094,3852.2967000026256,351.0
1787609774,10,,Aggregated,3.100000,0.000000,3000,3300,3300,3500,3700,3700,3900,3900,3900,3900,3900,662,0,1500,1887.2404188833293,1084.9123999942094,3852.2967000026256,351.0
1787609775,10,POST,/chat/completions,3.000000,0.000000,3000,3300,3300,3400,3700,3700,3900,3900,3900,3900,3900,665,0,1500,1892.8917356402635,1084.9123999942094,3852.2967000026256,351.0
1787609775,10,,Aggregated,3.000000,0.000000,3000,3300,3300,3400,3700,3700,3900,3900,3900,3900,3900,665,0,1500,1892.8917356402635,1084.9123999942094,3852.2967000026256,351.0
1787609776,10,POST,/chat/completions,3.100000,0.000000,3000,3300,3300,3400,3700,3700,3900,3900,3900,3900,3900,668,0,1500,1898.4424250011652,1084.9123999942094,3852.2967000026256,351.0
1787609776,10,,Aggregated,3.100000,0.000000,3000,3300,3300,3400,3700,3700,3900,3900,3900,3900,3900,668,0,1500,1898.4424250011652,1084.9123999942094,3852.2967000026256,351.0
1787609777,10,POST,/chat/completions,3.300000,0.000000,3000,3300,3300,3400,3500,3700,3900,3900,3900,3900,3900,671,0,1600,1902.9242506717615,1084.9123999942094,3852.2967000026256,351.0
1787609777,10,,Aggregated,3.300000,0.000000,3000,3300,3300,3400,3500,3700,3900,3900,3900,3900,3900,671,0,1600,1902.9242506717615,1084.9123999942094,3852.2967000026256,351.0
1787609778,12,POST,/chat/completions,3.200000,0.000000,3200,3300,3300,3300,3500,3500,3700,3700,3700,3700,3700,674,0,1600,1907.6220170634133,1084.9123999942094,3852.2967000026256,351.0
1787609778,12,,Aggregated,3.200000,0.000000,3200,3300,3300,3300,3500,3500,3700,3700,3700,3700,3700,674,0,1600,1907.6220170634133,1084.9123999942094,3852.2967000026256,351.0
1787609779,14,POST,/chat/completions,3.100000,0.000000,3200,3300,3300,3300,3400,3500,3500,3500,3500,3500,3500,678,0,1600,1914.424155753279,1084.9123999942094,3852.2967000026256,351.0
1787609779,14,,Aggregated,3.100000,0.000000,3200,3300,3300,3300,3400,3500,3500,3500,3500,3500,3500,678,0,1600,1914.424155753279,1084.9123999942094,3852.2967000026256,351.0
1787609780,16,POST,/chat/completions,3.300000,0.000000,3200,3300,3300,3300,3500,3500,3600,3600,3600,3600,3600,681,0,1600,1920.1381569760736,1084.9123999942094,3852.2967000026256,351.0
1787609780,16,,Aggregated,3.300000,0.000000,3200,3300,3300,3300,3500,3500,3600,3600,3600,3600,3600,681,0,1600,1920.1381569760736,1084.9123999942094,3852.2967000026256,351.0
1787609781,18,POST,/chat/completions,3.200000,0.000000,3200,3300,3300,3300,3400,3500,3600,3600,3600,3600,3600,684,0,1600,1925.1765846502008,1084.9123999942094,3852.2967000026256,351.0
1787609781,18,,Aggregated,3.200000,0.000000,3200,3300,3300,3300,3400,3500,3600,3600,3600,3600,3600,684,0,1600,1925.1765846502008,1084.9123999942094,3852.2967000026256,351.0
1787609782,20,POST,/chat/completions,3.200000,0.000000,3200,3300,3300,3400,3600,3700,3700,3700,3700,3700,3700,687,0,1600,1932.700067395546,1084.9123999942094,3852.2967000026256,351.0
1787609782,20,,Aggregated,3.200000,0.000000,3200,3300,3300,3400,3600,3700,3700,3700,3700,3700,3700,687,0,1600,1932.700067395546,1084.9123999942094,3852.2967000026256,351.0
1787609783,20,POST,/chat/completions,3.100000,0.000000,3300,3400,3500,3700,3900,4100,4200,4200,4200,4200,4200,691,0,1600,1944.6021371935333,1084.9123999942094,4202.069299994037,351.0
1787609783,20,,Aggregated,3.100000,0.000000,3300,3400,3500,3700,3900,4100,4200,4200,4200,4200,4200,691,0,1600,1944.6021371935333,1084.9123999942094,4202.069299994037,351.0
1787609784,20,POST,/chat/completions,3.100000,0.000000,3300,3500,3700,3700,4100,4200,4600,4600,4600,4600,4600,693,0,1600,1951.203369842293,1084.9123999942094,4574.52349999221,351.0
1787609784,20,,Aggregated,3.100000,0.000000,3300,3500,3700,3700,4100,4200,4600,4600,4600,4600,4600,693,0,1600,1951.203369842293,1084.9123999942094,4574.52349999221,351.0
1787609785,20,POST,/chat/completions,3.200000,0.000000,3400,3700,3900,4200,4600,5000,5000,5000,5000,5000,5000,697,0,1600,1966.8824533726306,1084.9123999942094,4968.621500011068,351.0
1787609785,20,,Aggregated,3.200000,0.000000,3400,3700,3900,4200,4600,5000,5000,5000,5000,5000,5000,697,0,1600,1966.8824533726306,1084.9123999942094,4968.621500011068,351.0
1787609786,20,POST,/chat/completions,3.100000,0.000000,3700,4100,4400,4500,5000,5200,5300,5300,5300,5300,5300,700,0,1600,1979.812958143926,1084.9123999942094,5275.297899992438,351.0
1787609786,20,,Aggregated,3.100000,0.000000,3700,4100,4400,4500,5000,5200,5300,5300,5300,5300,5300,700,0,1600,1979.812958143926,1084.9123999942094,5275.297899992438,351.0
1787609787,20,POST,/chat/completions,3.100000,0.000000,3900,4400,4600,5000,5300,5700,5700,5700,5700,5700,5700,703,0,1600,1994.8608378389474,1084.9123999942094,5682.3914000124205,351.0
1787609787,20,,Aggregated,3.100000,0.000000,3900,4400,4600,5000,5300,5700,5700,5700,5700,5700,5700,703,0,1600,1994.8608378389474,1084.9123999942094,5682.3914000124205,351.0
1787609788,20,POST,/chat/completions,3.200000,0.000000,4200,4600,5200,5200,5600,5700,5700,5700,5700,5700,5700,705,0,1600,2005.0780224124653,1084.9123999942094,5682.3914000124205,351.0
1787609788,20,,Aggregated,3.200000,0.000000,4200,4600,5200,5200,5600,5700,5700,5700,5700,5700,5700,705,0,1600,2005.0780224124653,1084.9123999942094,5682.3914000124205,351.0
1787609789,20,POST,/chat/completions,3.100000,0.000000,4600,5200,5600,5700,6100,6300,6400,6400,6400,6400,6400,709,0,1600,2028.7896830758768,1084.9123999942094,6362.194500019541,351.0
1787609789,20,,Aggregated,3.100000,0.000000,4600,5200,5600,5700,6100,6300,6400,6400,6400,6400,6400,709,0,1600,2028.7896830758768,1084.9123999942094,6362.194500019541,351.0
1787609790,20,POST,/chat/completions,3.100000,0.000000,5200,5600,6100,6100,6300,6400,6500,6500,6500,6500,6500,713,0,1700,2052.537037448464,1084.9123999942094,6535.946799995145,351.0
1787609790,20,,Aggregated,3.100000,0.000000,5200,5600,6100,6100,6300,6400,6500,6500,6500,6500,6500,713,0,1700,2052.537037448464,1084.9123999942094,6535.946799995145,351.0
1787609791,20,POST,/chat/completions,3.100000,0.000000,5600,6100,6100,6200,6500,6500,6600,6600,6600,6600,6600,716,0,1700,2070.7867381295614,1084.9123999942094,6563.256699999329,351.0
1787609791,20,,Aggregated,3.100000,0.000000,5600,6100,6100,6200,6500,6500,6600,6600,6600,6600,6600,716,0,1700,2070.7867381295614,1084.9123999942094,6563.256699999329,351.0
1787609792,20,POST,/chat/completions,3.100000,0.000000,5700,6100,6200,6300,6500,6500,6600,6600,6600,6600,6600,718,0,1700,2082.708727856224,1084.9123999942094,6563.256699999329,351.0
1787609792,20,,Aggregated,3.100000,0.000000,5700,6100,6200,6300,6500,6500,6600,6600,6600,6600,6600,718,0,1700,2082.708727856224,1084.9123999942094,6563.256699999329,351.0
1787609793,20,POST,/chat/completions,3.100000,0.000000,6100,6200,6300,6400,6500,6600,6700,6700,6700,6700,6700,721,0,1700,2100.3331890440804,1084.9123999942094,6720.308500021929,351.0
1787609793,20,,Aggregated,3.100000,0.000000,6100,6200,6300,6400,6500,6600,6700,6700,6700,6700,6700,721,0,1700,2100.3331890440804,1084.9123999942094,6720.308500021929,351.0
1787609794,20,POST,/chat/completions,3.200000,0.000000,6200,6300,6400,6500,6500,6600,6700,6700,6700,6700,6700,725,0,1700,2123.4723164148404,1084.9123999942094,6720.308500021929,351.0
1787609794,20,,Aggregated,3.200000,0.000000,6200,6300,6400,6500,6500,6600,6700,6700,6700,6700,6700,725,0,1700,2123.4723164148404,1084.9123999942094,6720.308500021929,351.0
1787609795,20,POST,/chat/completions,3.000000,0.000000,6200,6400,6500,6500,6500,6600,6700,6700,6700,6700,6700,729,0,1700,2146.5588128953946,1084.9123999942094,6720.308500021929,351.0
1787609795,20,,Aggregated,3.000000,0.000000,6200,6400,6500,6500,6500,6600,6700,6700,6700,6700,6700,729,0,1700,2146.5588128953946,1084.9123999942094,6720.308500021929,351.0
1787609796,20,POST,/chat/completions,3.200000,0.000000,6400,6400,6500,6500,6600,6600,6700,6700,6700,6700,6700,733,0,1700,2169.5687843120663,1084.9123999942094,6720.308500021929,351.0
1787609796,20,,Aggregated,3.200000,0.000000,6400,6400,6500,6500,6600,6600,6700,6700,6700,6700,6700,733,0,1700,2169.5687843120663,1084.9123999942094,6720.308500021929,351.0
1787609797,20,POST,/chat/completions,3.200000,0.000000,6400,6400,6500,6500,6600,6600,6700,6700,6700,6700,6700,733,0,1700,2169.5687843120663,1084.9123999942094,6720.308500021929,351.0
1787609797,20,,Aggregated,3.200000,0.000000,6400,6400,6500,6500,6600,6600,6700,6700,6700,6700,6700,733,0,1700,2169.5687843120663,1084.9123999942094,6720.308500021929,351.0
1787609798,20,POST,/chat/completions,3.200000,0.000000,6400,6400,6500,6500,6600,6600,6700,6700,6700,6700,6700,737,0,1700,2191.6141487120017,1084.9123999942094,6720.308500021929,351.0
1787609798,20,,Aggregated,3.200000,0.000000,6400,6400,6500,6500,6600,6600,6700,6700,6700,6700,6700,737,0,1700,2191.6141487120017,1084.9123999942094,6720.308500021929,351.0
1787609799,20,POST,/chat/completions,3.000000,0.000000,6400,6400,6500,6500,6600,6600,6700,6700,6700,6700,6700,741,0,1700,2213.7682553316786,1084.9123999942094,6720.308500021929,351.0
1787609799,20,,Aggregated,3.000000,0.000000,6400,6400,6500,6500,6600,6600,6700,6700,6700,6700,6700,741,0,1700,2213.7682553316786,1084.9123999942094,6720.308500021929,351.0
1787609800,20,POST,/chat/completions,3.200000,0.000000,6300,6400,6400,6500,6500,6600,6700,6700,6700,6700,6700,745,0,1700,2235.2312476519924,1084.9123999942094,6720.308500021929,351.0
1787609800,20,,Aggregated,3.200000,0.000000,6300,6400,6400,6500,6500,6600,6700,6700,6700,6700,6700,745,0,1700,2235.2312476519924,1084.9123999942094,6720.308500021929,351.0
1787609801,20,POST,/chat/completions,3.200000,0.000000,6300,6400,6400,6500,6500,6600,6700,6700,6700,6700,6700,747,0,1700,2245.3444344052746,1084.9123999942094,6720.308500021929,351.0
1787609801,20,,Aggregated,3.200000,0.000000,6300,6400,6400,6500,6500,6600,6700,6700,6700,6700,6700,747,0,1700,2245.3444344052746,1084.9123999942094,6720.308500021929,351.0
1787609802,20,POST,/chat/completions,3.200000,0.000000,6300,6400,6400,6400,6500,6500,6600,6600,6600,6600,6600,750,0,1700,2260.9460978677184,1084.9123999942094,6720.308500021929,351.0
1787609802,20,,Aggregated,3.200000,0.000000,6300,6400,6400,6400,6500,6500,6600,6600,6600,6600,6600,750,0,1700,2260.9460978677184,1084.9123999942094,6720.308500021929,351.0
1787609803,20,POST,/chat/completions,3.200000,0.000000,6300,6400,6400,6400,6500,6500,6600,6600,6600,6600,6600,753,0,1700,2276.7865395760223,1084.9123999942094,6720.308500021929,351.0
1787609803,20,,Aggregated,3.200000,0.000000,6300,6400,6400,6400,6500,6500,6600,6600,6600,6600,6600,753,0,1700,2276.7865395760223,1084.9123999942094,6720.308500021929,351.0
1787609804,20,POST,/chat/completions,3.200000,0.000000,6300,6400,6400,6400,6500,6600,6600,6600,6600,6600,6600,757,0,1700,2298.1941137394265,1084.9123999942094,6720.308500021929,351.0
1787609804,20,,Aggregated,3.200000,0.000000,6300,6400,6400,6400,6500,6600,6600,6600,6600,6600,6600,757,0,1700,2298.1941137394265,1084.9123999942094,6720.308500021929,351.0
1787609805,20,POST,/chat/completions,3.200000,0.000000,6200,6300,6400,6400,6500,6600,6600,6600,6600,6600,6600,759,0,1700,2307.819329908758,1084.9123999942094,6720.308500021929,351.0
1787609805,20,,Aggregated,3.200000,0.000000,6200,6300,6400,6400,6500,6600,6600,6600,6600,6600,6600,759,0,1700,2307.819329908758,1084.9123999942094,6720.308500021929,351.0
1787609806,20,POST,/chat/completions,3.100000,0.000000,6200,6300,6400,6400,6500,6600,6600,6600,6600,6600,6600,763,0,1800,2328.83806330376,1084.9123999942094,6720.308500021929,351.0
1787609806,20,,Aggregated,3.100000,0.000000,6200,6300,6400,6400,6500,6600,6600,6600,6600,6600,6600,763,0,1800,2328.83806330376,1084.9123999942094,6720.308500021929,351.0
1787609807,20,POST,/chat/completions,3.000000,0.000000,6300,6300,6400,6400,6600,6600,6800,6800,6800,6800,6800,767,0,1800,2350.0512773152095,1084.9123999942094,6782.8607999836095,351.0
1787609807,20,,Aggregated,3.000000,0.000000,6300,6300,6400,6400,6600,6600,6800,6800,6800,6800,6800,767,0,1800,2350.0512773152095,1084.9123999942094,6782.8607999836095,351.0
1787609808,20,POST,/chat/completions,3.200000,0.000000,6300,6400,6400,6500,6600,6700,6800,6800,6800,6800,6800,769,0,1800,2361.21454005301,1084.9123999942094,6782.8607999836095,351.0
1787609808,20,,Aggregated,3.200000,0.000000,6300,6400,6400,6500,6600,6700,6800,6800,6800,6800,6800,769,0,1800,2361.21454005301,1084.9123999942094,6782.8607999836095,351.0
1787609809,20,POST,/chat/completions,3.200000,0.000000,6300,6400,6500,6600,6700,6700,6800,6800,6800,6800,6800,772,0,1800,2377.072755959569,1084.9123999942094,6782.8607999836095,351.0
1787609809,20,,Aggregated,3.200000,0.000000,6300,6400,6500,6600,6700,6700,6800,6800,6800,6800,6800,772,0,1800,2377.072755959569,1084.9123999942094,6782.8607999836095,351.0
1787609810,20,POST,/chat/completions,3.200000,0.000000,6300,6400,6500,6600,6700,6700,6800,6800,6800,6800,6800,775,0,1800,2392.521103742953,1084.9123999942094,6782.8607999836095,351.0
1787609810,20,,Aggregated,3.200000,0.000000,6300,6400,6500,6600,6700,6700,6800,6800,6800,6800,6800,775,0,1800,2392.521103742953,1084.9123999942094,6782.8607999836095,351.0
1787609811,20,POST,/chat/completions,3.000000,0.000000,6400,6500,6500,6600,6700,6700,6800,6800,6800,6800,6800,779,0,1800,2413.554057895773,1084.9123999942094,6782.8607999836095,351.0
1787609811,20,,Aggregated,3.000000,0.000000,6400,6500,6500,6600,6700,6700,6800,6800,6800,6800,6800,779,0,1800,2413.554057895773,1084.9123999942094,6782.8607999836095,351.0
1787609812,20,POST,/chat/completions,3.100000,0.000000,6400,6500,6600,6600,6700,6800,6800,6800,6800,6800,6800,781,0,1800,2424.524206275069,1084.9123999942094,6782.8607999836095,351.0
1787609812,20,,Aggregated,3.100000,0.000000,6400,6500,6600,6600,6700,6800,6800,6800,6800,6800,6800,781,0,1800,2424.524206275069,1084.9123999942094,6782.8607999836095,351.0
1787609813,20,POST,/chat/completions,3.100000,0.000000,6500,6500,6600,6600,6700,6800,6800,6800,6800,6800,6800,784,0,1800,2439.751234822473,1084.9123999942094,6782.8607999836095,351.0
1787609813,20,,Aggregated,3.100000,0.000000,6500,6500,6600,6600,6700,6800,6800,6800,6800,6800,6800,784,0,1800,2439.751234822473,1084.9123999942094,6782.8607999836095,351.0
1787609814,20,POST,/chat/completions,3.000000,0.000000,6500,6600,6600,6700,6800,6800,6800,6800,6800,6800,6800,788,0,1800,2460.5563671329533,1084.9123999942094,6849.998399993638,351.0
1787609814,20,,Aggregated,3.000000,0.000000,6500,6600,6600,6700,6800,6800,6800,6800,6800,6800,6800,788,0,1800,2460.5563671329533,1084.9123999942094,6849.998399993638,351.0
1787609815,20,POST,/chat/completions,3.000000,0.000000,6500,6500,6600,6700,6800,6800,6800,6800,6800,6800,6800,791,0,1800,2475.737312516785,1084.9123999942094,6849.998399993638,351.0
1787609815,20,,Aggregated,3.000000,0.000000,6500,6500,6600,6700,6800,6800,6800,6800,6800,6800,6800,791,0,1800,2475.737312516785,1084.9123999942094,6849.998399993638,351.0
1787609816,20,POST,/chat/completions,3.100000,0.000000,6500,6600,6600,6700,6800,6800,6800,6800,6800,6800,6800,794,0,1800,2490.542557431703,1084.9123999942094,6849.998399993638,351.0
1787609816,20,,Aggregated,3.100000,0.000000,6500,6600,6600,6700,6800,6800,6800,6800,6800,6800,6800,794,0,1800,2490.542557431703,1084.9123999942094,6849.998399993638,351.0
1787609817,20,POST,/chat/completions,3.000000,0.000000,6500,6600,6600,6700,6800,6800,6800,6800,6800,6800,6800,797,0,1800,2504.513955333488,1084.9123999942094,6849.998399993638,351.0
1787609817,20,,Aggregated,3.000000,0.000000,6500,6600,6600,6700,6800,6800,6800,6800,6800,6800,6800,797,0,1800,2504.513955333488,1084.9123999942094,6849.998399993638,351.0
1787609818,20,POST,/chat/completions,3.000000,0.000000,6500,6500,6600,6700,6800,6800,6800,6800,6800,6800,6800,800,0,1800,2518.1473243759683,1084.9123999942094,6849.998399993638,351.0
1787609818,20,,Aggregated,3.000000,0.000000,6500,6500,6600,6700,6800,6800,6800,6800,6800,6800,6800,800,0,1800,2518.1473243759683,1084.9123999942094,6849.998399993638,351.0
1787609819,20,POST,/chat/completions,3.100000,0.000000,6400,6500,6600,6600,6800,6800,6800,6800,6800,6800,6800,804,0,1800,2536.1090358218557,1084.9123999942094,6849.998399993638,351.0
1787609819,20,,Aggregated,3.100000,0.000000,6400,6500,6600,6600,6800,6800,6800,6800,6800,6800,6800,804,0,1800,2536.1090358218557,1084.9123999942094,6849.998399993638,351.0
1787609820,20,POST,/chat/completions,3.200000,0.000000,6400,6400,6500,6600,6700,6800,6800,6800,6800,6800,6800,808,0,1800,2553.623506065369,1084.9123999942094,6849.998399993638,351.0
1787609820,20,,Aggregated,3.200000,0.000000,6400,6400,6500,6600,6700,6800,6800,6800,6800,6800,6800,808,0,1800,2553.623506065369,1084.9123999942094,6849.998399993638,351.0
1787609821,20,POST,/chat/completions,3.200000,0.000000,6300,6400,6500,6600,6700,6800,6800,6800,6800,6800,6800,811,0,1800,2567.002269914678,1084.9123999942094,6849.998399993638,351.0
1787609821,20,,Aggregated,3.200000,0.000000,6300,6400,6500,6600,6700,6800,6800,6800,6800,6800,6800,811,0,1800,2567.002269914678,1084.9123999942094,6849.998399993638,351.0
1787609822,20,POST,/chat/completions,3.000000,0.000000,6300,6400,6400,6500,6700,6800,6800,6800,6800,6800,6800,813,0,1800,2575.5675211571715,1084.9123999942094,6849.998399993638,351.0
1787609822,20,,Aggregated,3.000000,0.000000,6300,6400,6400,6500,6700,6800,6800,6800,6800,6800,6800,813,0,1800,2575.5675211571715,1084.9123999942094,6849.998399993638,351.0
1787609823,20,POST,/chat/completions,3.000000,0.000000,6200,6300,6400,6400,6600,6700,6800,6800,6800,6800,6800,816,0,1900,2588.837069241159,1084.9123999942094,6849.998399993638,351.0
1787609823,20,,Aggregated,3.000000,0.000000,6200,6300,6400,6400,6600,6700,6800,6800,6800,6800,6800,816,0,1900,2588.837069241159,1084.9123999942094,6849.998399993638,351.0
1787609824,20,POST,/chat/completions,3.300000,0.000000,6200,6300,6400,6400,6400,6600,6800,6800,6800,6800,6800,820,0,1900,2606.6330336594374,1084.9123999942094,6849.998399993638,351.0
1787609824,20,,Aggregated,3.300000,0.000000,6200,6300,6400,6400,6400,6600,6800,6800,6800,6800,6800,820,0,1900,2606.6330336594374,1084.9123999942094,6849.998399993638,351.0
1787609825,20,POST,/chat/completions,3.300000,0.000000,6200,6300,6300,6400,6400,6600,6800,6800,6800,6800,6800,823,0,1900,2620.1346959912166,1084.9123999942094,6849.998399993638,351.0
1787609825,20,,Aggregated,3.300000,0.000000,6200,6300,6300,6400,6400,6600,6800,6800,6800,6800,6800,823,0,1900,2620.1346959912166,1084.9123999942094,6849.998399993638,351.0
1787609826,20,POST,/chat/completions,3.200000,0.000000,6200,6300,6300,6400,6400,6400,6400,6400,6400,6400,6400,826,0,1900,2633.4046667079733,1084.9123999942094,6849.998399993638,351.0
1787609826,20,,Aggregated,3.200000,0.000000,6200,6300,6300,6400,6400,6400,6400,6400,6400,6400,6400,826,0,1900,2633.4046667079733,1084.9123999942094,6849.998399993638,351.0
1787609827,20,POST,/chat/completions,3.100000,0.000000,6200,6300,6300,6400,6400,6400,6500,6500,6500,6500,6500,829,0,1900,2646.803370206008,1084.9123999942094,6849.998399993638,351.0
1787609827,20,,Aggregated,3.100000,0.000000,6200,6300,6300,6400,6400,6400,6500,6500,6500,6500,6500,829,0,1900,2646.803370206008,1084.9123999942094,6849.998399993638,351.0
1787609828,20,POST,/chat/completions,3.200000,0.000000,6200,6300,6400,6400,6400,6400,6500,6500,6500,6500,6500,832,0,1900,2660.431252524947,1084.9123999942094,6849.998399993638,351.0
1787609828,20,,Aggregated,3.200000,0.000000,6200,6300,6400,6400,6400,6400,6500,6500,6500,6500,6500,832,0,1900,2660.431252524947,1084.9123999942094,6849.998399993638,351.0
1787609829,20,POST,/chat/completions,3.100000,0.000000,6300,6400,6400,6400,6400,6500,6700,6700,6700,6700,6700,836,0,1900,2678.517470814342,1084.9123999942094,6849.998399993638,351.0
1787609829,20,,Aggregated,3.100000,0.000000,6300,6400,6400,6400,6400,6500,6700,6700,6700,6700,6700,836,0,1900,2678.517470814342,1084.9123999942094,6849.998399993638,351.0
1787609830,20,POST,/chat/completions,3.100000,0.000000,6300,6400,6400,6400,6500,6500,6700,6700,6700,6700,6700,838,0,1900,2687.0596613374464,1084.9123999942094,6849.998399993638,351.0
1787609830,20,,Aggregated,3.100000,0.000000,6300,6400,6400,6400,6500,6500,6700,6700,6700,6700,6700,838,0,1900,2687.0596613374464,1084.9123999942094,6849.998399993638,351.0
1787609831,20,POST,/chat/completions,3.000000,0.000000,6300,6400,6400,6400,6500,6600,6700,6700,6700,6700,6700,841,0,1900,2699.638658621608,1084.9123999942094,6849.998399993638,351.0
1787609831,20,,Aggregated,3.000000,0.000000,6300,6400,6400,6400,6500,6600,6700,6700,6700,6700,6700,841,0,1900,2699.638658621608,1084.9123999942094,6849.998399993638,351.0
1787609832,20,POST,/chat/completions,3.200000,0.000000,6400,6400,6400,6500,6500,6600,6700,6700,6700,6700,6700,845,0,1900,2716.3233500601204,1084.9123999942094,6849.998399993638,351.0
1787609832,20,,Aggregated,3.200000,0.000000,6400,6400,6400,6500,6500,6600,6700,6700,6700,6700,6700,845,0,1900,2716.3233500601204,1084.9123999942094,6849.998399993638,351.0
1787609833,20,POST,/chat/completions,3.200000,0.000000,6400,6400,6400,6500,6500,6600,6700,6700,6700,6700,6700,848,0,1900,2728.7365924537817,1084.9123999942094,6849.998399993638,351.0
1787609833,20,,Aggregated,3.200000,0.000000,6400,6400,6400,6500,6500,6600,6700,6700,6700,6700,6700,848,0,1900,2728.7365924537817,1084.9123999942094,6849.998399993638,351.0
1787609834,20,POST,/chat/completions,3.200000,0.000000,6300,6400,6400,6400,6500,6600,6700,6700,6700,6700,6700,852,0,1900,2744.8517804000508,1084.9123999942094,6849.998399993638,351.0
1787609834,20,,Aggregated,3.200000,0.000000,6300,6400,6400,6400,6500,6600,6700,6700,6700,6700,6700,852,0,1900,2744.8517804000508,1084.9123999942094,6849.998399993638,351.0
1787609835,20,POST,/chat/completions,3.000000,0.000000,6300,6400,6400,6500,6500,6600,6700,6700,6700,6700,6700,855,0,1900,2756.8656173109193,1084.9123999942094,6849.998399993638,351.0
1787609835,20,,Aggregated,3.000000,0.000000,6300,6400,6400,6500,6500,6600,6700,6700,6700,6700,6700,855,0,1900,2756.8656173109193,1084.9123999942094,6849.998399993638,351.0
1787609836,20,POST,/chat/completions,3.000000,0.000000,6300,6400,6400,6500,6500,6600,6700,6700,6700,6700,6700,857,0,1900,2765.0010449251263,1084.9123999942094,6849.998399993638,351.0
1787609836,20,,Aggregated,3.000000,0.000000,6300,6400,6400,6500,6500,6600,6700,6700,6700,6700,6700,857,0,1900,2765.0010449251263,1084.9123999942094,6849.998399993638,351.0
1787609837,20,POST,/chat/completions,3.000000,0.000000,6200,6400,6400,6500,6500,6600,6700,6700,6700,6700,6700,860,0,1900,2776.6474183730375,1084.9123999942094,6849.998399993638,351.0
1787609837,20,,Aggregated,3.000000,0.000000,6200,6400,6400,6500,6500,6600,6700,6700,6700,6700,6700,860,0,1900,2776.6474183730375,1084.9123999942094,6849.998399993638,351.0
1787609838,22,POST,/chat/completions,3.200000,0.000000,6200,6300,6400,6400,6500,6600,6700,6700,6700,6700,6700,864,0,1900,2792.245213195437,1084.9123999942094,6849.998399993638,351.0
1787609838,22,,Aggregated,3.200000,0.000000,6200,6300,6400,6400,6500,6600,6700,6700,6700,6700,6700,864,0,1900,2792.245213195437,1084.9123999942094,6849.998399993638,351.0
1787609839,24,POST,/chat/completions,3.300000,0.000000,6200,6300,6400,6400,6500,6500,6600,6600,6600,6600,6600,868,0,1900,2807.5906419364765,1084.9123999942094,6849.998399993638,351.0
1787609839,24,,Aggregated,3.300000,0.000000,6200,6300,6400,6400,6500,6500,6600,6600,6600,6600,6600,868,0,1900,2807.5906419364765,1084.9123999942094,6849.998399993638,351.0
1787609840,26,POST,/chat/completions,3.200000,0.000000,6200,6300,6300,6300,6400,6500,6500,6500,6500,6500,6500,872,0,1900,2822.931010780824,1084.9123999942094,6849.998399993638,351.0
1787609840,26,,Aggregated,3.200000,0.000000,6200,6300,6300,6300,6400,6500,6500,6500,6500,6500,6500,872,0,1900,2822.931010780824,1084.9123999942094,6849.998399993638,351.0
1787609841,28,POST,/chat/completions,3.200000,0.000000,6100,6200,6300,6300,6400,6500,6500,6500,6500,6500,6500,874,0,1900,2830.0601905044314,1084.9123999942094,6849.998399993638,351.0
1787609841,28,,Aggregated,3.200000,0.000000,6100,6200,6300,6300,6400,6500,6500,6500,6500,6500,6500,874,0,1900,2830.0601905044314,1084.9123999942094,6849.998399993638,351.0
1787609842,30,POST,/chat/completions,3.100000,0.000000,6100,6200,6300,6300,6400,6500,6500,6500,6500,6500,6500,877,0,2000,2841.1037312438784,1084.9123999942094,6849.998399993638,351.0
1787609842,30,,Aggregated,3.100000,0.000000,6100,6200,6300,6300,6400,6500,6500,6500,6500,6500,6500,877,0,2000,2841.1037312438784,1084.9123999942094,6849.998399993638,351.0
1787609843,32,POST,/chat/completions,3.100000,0.000000,6100,6200,6200,6300,6400,6500,6500,6500,6500,6500,6500,880,0,2000,2851.9963472737304,1084.9123999942094,6849.998399993638,351.0
1787609843,32,,Aggregated,3.100000,0.000000,6100,6200,6200,6300,6400,6500,6500,6500,6500,6500,6500,880,0,2000,2851.9963472737304,1084.9123999942094,6849.998399993638,351.0
1787609844,34,POST,/chat/completions,3.200000,0.000000,6100,6200,6200,6300,6400,6500,6500,6500,6500,6500,6500,884,0,2000,2866.410131335833,1084.9123999942094,6849.998399993638,351.0
1787609844,34,,Aggregated,3.200000,0.000000,6100,6200,6200,6300,6400,6500,6500,6500,6500,6500,6500,884,0,2000,2866.410131335833,1084.9123999942094,6849.998399993638,351.0
1787609845,36,POST,/chat/completions,3.400000,0.000000,6100,6200,6300,6300,6400,6800,6900,6900,6900,6900,6900,887,0,2000,2879.1011058634335,1084.9123999942094,6868.348799995147,351.0
1787609845,36,,Aggregated,3.400000,0.000000,6100,6200,6300,6300,6400,6800,6900,6900,6900,6900,6900,887,0,2000,2879.1011058634335,1084.9123999942094,6868.348799995147,351.0
1787609846,38,POST,/chat/completions,3.300000,0.000000,6100,6200,6400,6500,6900,7200,7300,7300,7300,7300,7300,891,0,2000,2897.672372503785,1084.9123999942094,7323.740200023167,351.0
1787609846,38,,Aggregated,3.300000,0.000000,6100,6200,6400,6500,6900,7200,7300,7300,7300,7300,7300,891,0,2000,2897.672372503785,1084.9123999942094,7323.740200023167,351.0
1787609847,40,POST,/chat/completions,3.200000,0.000000,6200,6300,6500,6900,7200,7300,7500,7500,7500,7500,7500,893,0,2000,2907.6151633828426,1084.9123999942094,7535.309800005052,351.0
1787609847,40,,Aggregated,3.200000,0.000000,6200,6300,6500,6900,7200,7300,7500,7500,7500,7500,7500,893,0,2000,2907.6151633828426,1084.9123999942094,7535.309800005052,351.0
1787609848,40,POST,/chat/completions,3.200000,0.000000,6200,6500,7000,7100,7500,7500,7900,7900,7900,7900,7900,896,0,2000,2923.4485952018595,1084.9123999942094,7874.573900015093,351.0
1787609848,40,,Aggregated,3.200000,0.000000,6200,6500,7000,7100,7500,7500,7900,7900,7900,7900,7900,896,0,2000,2923.4485952018595,1084.9123999942094,7874.573900015093,351.0
1787609849,40,POST,/chat/completions,3.200000,0.000000,6300,7000,7300,7500,7900,8200,8200,8200,8200,8200,8200,899,0,2000,2940.7070117918547,1084.9123999942094,8181.142800021917,351.0
1787609849,40,,Aggregated,3.200000,0.000000,6300,7000,7300,7500,7900,8200,8200,8200,8200,8200,8200,899,0,2000,2940.7070117918547,1084.9123999942094,8181.142800021917,351.0
1787609850,40,POST,/chat/completions,3.200000,0.000000,6900,7500,7900,7900,8500,8600,8800,8800,8800,8800,8800,903,0,2000,2965.7815353276633,1084.9123999942094,8807.239199988544,351.0
1787609850,40,,Aggregated,3.200000,0.000000,6900,7500,7900,7900,8500,8600,8800,8800,8800,8800,8800,903,0,2000,2965.7815353276633,1084.9123999942094,8807.239199988544,351.0
1787609851,40,POST,/chat/completions,3.300000,0.000000,7300,7900,8200,8500,8900,9100,9200,9200,9200,9200,9200,906,0,2000,2985.9540447029676,1084.9123999942094,9157.107800012454,351.0
1787609851,40,,Aggregated,3.300000,0.000000,7300,7900,8200,8500,8900,9100,9200,9200,9200,9200,9200,906,0,2000,2985.9540447029676,1084.9123999942094,9157.107800012454,351.0
1787609852,40,POST,/chat/completions,3.300000,0.000000,7900,8500,8800,9100,9400,9500,9500,9500,9500,9500,9500,910,0,2000,3014.363117473536,1084.9123999942094,9534.058100020047,351.0
1787609852,40,,Aggregated,3.300000,0.000000,7900,8500,8800,9100,9400,9500,9500,9500,9500,9500,9500,910,0,2000,3014.363117473536,1084.9123999942094,9534.058100020047,351.0
1787609853,40,POST,/chat/completions,3.100000,0.000000,8200,8800,9200,9300,9500,10000,10000,10000,10000,10000,10000,913,0,2000,3037.42726659466,1084.9123999942094,10372.233100002632,351.0
1787609853,40,,Aggregated,3.100000,0.000000,8200,8800,9200,9300,9500,10000,10000,10000,10000,10000,10000,913,0,2000,3037.42726659466,1084.9123999942094,10372.233100002632,351.0
1787609854,40,POST,/chat/completions,3.100000,0.000000,8500,9200,9500,9500,10000,10000,10000,10000,10000,10000,10000,916,0,2000,3060.523354477005,1084.9123999942094,10451.193099986995,351.0
1787609854,40,,Aggregated,3.100000,0.000000,8500,9200,9500,9500,10000,10000,10000,10000,10000,10000,10000,916,0,2000,3060.523354477005,1084.9123999942094,10451.193099986995,351.0
1787609855,40,POST,/chat/completions,3.100000,0.000000,8900,9400,9600,10000,10000,11000,11000,11000,11000,11000,11000,918,0,2100,3076.9250254912204,1084.9123999942094,10622.827000013785,351.0
1787609855,40,,Aggregated,3.100000,0.000000,8900,9400,9600,10000,10000,11000,11000,11000,11000,11000,11000,918,0,2100,3076.9250254912204,1084.9123999942094,10622.827000013785,351.0
1787609856,40,POST,/chat/completions,3.200000,0.000000,9400,9700,10000,11000,11000,11000,11000,11000,11000,11000,11000,922,0,2100,3110.171679610548,1084.9123999942094,10904.160200007027,351.0
1787609856,40,,Aggregated,3.200000,0.000000,9400,9700,10000,11000,11000,11000,11000,11000,11000,11000,11000,922,0,2100,3110.171679610548,1084.9123999942094,10904.160200007027,351.0
1787609857,40,POST,/chat/completions,3.400000,0.000000,9600,10000,11000,11000,11000,11000,12000,12000,12000,12000,12000,926,0,2100,3145.715696977261,1084.9123999942094,11724.637600011192,351.0
1787609857,40,,Aggregated,3.400000,0.000000,9600,10000,11000,11000,11000,11000,12000,12000,12000,12000,12000,926,0,2100,3145.715696977261,1084.9123999942094,11724.637600011192,351.0
1787609858,40,POST,/chat/completions,3.200000,0.000000,10000,11000,11000,11000,12000,12000,12000,12000,12000,12000,12000,929,0,2100,3173.8520312173814,1084.9123999942094,11944.075000006706,351.0
1787609858,40,,Aggregated,3.200000,0.000000,10000,11000,11000,11000,12000,12000,12000,12000,12000,12000,12000,929,0,2100,3173.8520312173814,1084.9123999942094,11944.075000006706,351.0
1787609859,40,POST,/chat/completions,3.000000,0.000000,11000,11000,12000,12000,12000,12000,12000,12000,12000,12000,12000,933,0,2100,3212.3045016087062,1084.9123999942094,12428.026499983389,351.0
1787609859,40,,Aggregated,3.000000,0.000000,11000,11000,12000,12000,12000,12000,12000,12000,12000,12000,12000,933,0,2100,3212.3045016087062,1084.9123999942094,12428.026499983389,351.0
1787609860,40,POST,/chat/completions,3.100000,0.000000,11000,11000,12000,12000,12000,12000,12000,12000,12000,12000,12000,934,0,2100,3221.9516827633074,1084.9123999942094,12428.026499983389,351.0
1787609860,40,,Aggregated,3.100000,0.000000,11000,11000,12000,12000,12000,12000,12000,12000,12000,12000,12000,934,0,2100,3221.9516827633074,1084.9123999942094,12428.026499983389,351.0
1787609861,40,POST,/chat/completions,3.200000,0.000000,11000,12000,12000,12000,12000,13000,13000,13000,13000,13000,13000,938,0,2100,3261.4464771864405,1084.9123999942094,12865.12460000813,351.0
1787609861,40,,Aggregated,3.200000,0.000000,11000,12000,12000,12000,12000,13000,13000,13000,13000,13000,13000,938,0,2100,3261.4464771864405,1084.9123999942094,12865.12460000813,351.0
1787609862,40,POST,/chat/completions,3.200000,0.000000,12000,12000,12000,12000,12000,13000,13000,13000,13000,13000,13000,942,0,2100,3300.528506582683,1084.9123999942094,12934.508600010304,351.0
1787609862,40,,Aggregated,3.200000,0.000000,12000,12000,12000,12000,12000,13000,13000,13000,13000,13000,13000,942,0,2100,3300.528506582683,1084.9123999942094,12934.508600010304,351.0
1787609863,40,POST,/chat/completions,3.300000,0.000000,12000,12000,12000,12000,13000,13000,13000,13000,13000,13000,13000,946,0,2100,3339.3109949269588,1084.9123999942094,12934.508600010304,351.0
1787609863,40,,Aggregated,3.300000,0.000000,12000,12000,12000,12000,13000,13000,13000,13000,13000,13000,13000,946,0,2100,3339.3109949269588,1084.9123999942094,12934.508600010304,351.0
1787609864,40,POST,/chat/completions,3.100000,0.000000,12000,12000,12000,12000,13000,13000,13000,13000,13000,13000,13000,948,0,2200,3358.6146294313144,1084.9123999942094,12934.508600010304,351.0
1787609864,40,,Aggregated,3.100000,0.000000,12000,12000,12000,12000,13000,13000,13000,13000,13000,13000,13000,948,0,2200,3358.6146294313144,1084.9123999942094,12934.508600010304,351.0
1787609865,40,POST,/chat/completions,3.200000,0.000000,12000,12000,12000,13000,13000,13000,13000,13000,13000,13000,13000,950,0,2200,3377.7507650535426,1084.9123999942094,12934.508600010304,351.0
1787609865,40,,Aggregated,3.200000,0.000000,12000,12000,12000,13000,13000,13000,13000,13000,13000,13000,13000,950,0,2200,3377.7507650535426,1084.9123999942094,12934.508600010304,351.0
1787609866,40,POST,/chat/completions,3.200000,0.000000,12000,12000,13000,13000,13000,13000,13000,13000,13000,13000,13000,954,0,2200,3416.141802726208,1084.9123999942094,12934.508600010304,351.0
1787609866,40,,Aggregated,3.200000,0.000000,12000,12000,13000,13000,13000,13000,13000,13000,13000,13000,13000,954,0,2200,3416.141802726208,1084.9123999942094,12934.508600010304,351.0
1787609867,40,POST,/chat/completions,3.100000,0.000000,12000,13000,13000,13000,13000,13000,13000,13000,13000,13000,13000,958,0,2200,3454.4002320467666,1084.9123999942094,12934.508600010304,351.0
1787609867,40,,Aggregated,3.100000,0.000000,12000,13000,13000,13000,13000,13000,13000,13000,13000,13000,13000,958,0,2200,3454.4002320467666,1084.9123999942094,12934.508600010304,351.0
1787609868,40,POST,/chat/completions,3.100000,0.000000,12000,13000,13000,13000,13000,13000,13000,13000,13000,13000,13000,961,0,2200,3482.841047867652,1084.9123999942094,12934.508600010304,351.0
1787609868,40,,Aggregated,3.100000,0.000000,12000,13000,13000,13000,13000,13000,13000,13000,13000,13000,13000,961,0,2200,3482.841047867652,1084.9123999942094,12934.508600010304,351.0
1787609869,40,POST,/chat/completions,3.300000,0.000000,13000,13000,13000,13000,13000,13000,13000,13000,13000,13000,13000,964,0,2200,3511.0777321585165,1084.9123999942094,12934.508600010304,351.0
1787609869,40,,Aggregated,3.300000,0.000000,13000,13000,13000,13000,13000,13000,13000,13000,13000,13000,13000,964,0,2200,3511.0777321585165,1084.9123999942094,12934.508600010304,351.0
1787609870,40,POST,/chat/completions,3.200000,0.000000,13000,13000,13000,13000,13000,13000,13000,13000,13000,13000,13000,966,0,2200,3529.9216250526088,1084.9123999942094,12934.508600010304,351.0
1787609870,40,,Aggregated,3.200000,0.000000,13000,13000,13000,13000,13000,13000,13000,13000,13000,13000,13000,966,0,2200,3529.9216250526088,1084.9123999942094,12934.508600010304,351.0
1787609871,40,POST,/chat/completions,3.200000,0.000000,13000,13000,13000,13000,13000,13000,13000,13000,13000,13000,13000,970,0,2300,3567.621990413191,1084.9123999942094,12934.508600010304,351.0
1787609871,40,,Aggregated,3.200000,0.000000,13000,13000,13000,13000,13000,13000,13000,13000,13000,13000,13000,970,0,2300,3567.621990413191,1084.9123999942094,12934.508600010304,351.0
1787609872,40,POST,/chat/completions,3.100000,0.000000,13000,13000,13000,13000,13000,13000,13000,13000,13000,13000,13000,973,0,2300,3596.033654882656,1084.9123999942094,13021.588200004771,351.0
1787609872,40,,Aggregated,3.100000,0.000000,13000,13000,13000,13000,13000,13000,13000,13000,13000,13000,13000,973,0,2300,3596.033654882656,1084.9123999942094,13021.588200004771,351.0
1787609873,40,POST,/chat/completions,3.100000,0.000000,13000,13000,13000,13000,13000,13000,13000,13000,13000,13000,13000,976,0,2300,3623.821471312291,1084.9123999942094,13021.588200004771,351.0
1787609873,40,,Aggregated,3.100000,0.000000,13000,13000,13000,13000,13000,13000,13000,13000,13000,13000,13000,976,0,2300,3623.821471312291,1084.9123999942094,13021.588200004771,351.0
1787609874,40,POST,/chat/completions,3.200000,0.000000,13000,13000,13000,13000,13000,13000,13000,13000,13000,13000,13000,979,0,2300,3651.8148390202377,1084.9123999942094,13040.113700000802,351.0
1787609874,40,,Aggregated,3.200000,0.000000,13000,13000,13000,13000,13000,13000,13000,13000,13000,13000,13000,979,0,2300,3651.8148390202377,1084.9123999942094,13040.113700000802,351.0
1787609875,40,POST,/chat/completions,3.200000,0.000000,13000,13000,13000,13000,13000,13000,13000,13000,13000,13000,13000,982,0,2400,3679.990825560916,1084.9123999942094,13040.113700000802,351.0
1787609875,40,,Aggregated,3.200000,0.000000,13000,13000,13000,13000,13000,13000,13000,13000,13000,13000,13000,982,0,2400,3679.990825560916,1084.9123999942094,13040.113700000802,351.0
1787609876,40,POST,/chat/completions,3.000000,0.000000,13000,13000,13000,13000,13000,13000,13000,13000,13000,13000,13000,986,0,2400,3717.1196646053104,1084.9123999942094,13040.113700000802,351.0
1787609876,40,,Aggregated,3.000000,0.000000,13000,13000,13000,13000,13000,13000,13000,13000,13000,13000,13000,986,0,2400,3717.1196646053104,1084.9123999942094,13040.113700000802,351.0
1787609877,40,POST,/chat/completions,3.000000,0.000000,13000,13000,13000,13000,13000,13000,13000,13000,13000,13000,13000,989,0,2400,3744.293503337524,1084.9123999942094,13040.113700000802,351.0
1787609877,40,,Aggregated,3.000000,0.000000,13000,13000,13000,13000,13000,13000,13000,13000,13000,13000,13000,989,0,2400,3744.293503337524,1084.9123999942094,13040.113700000802,351.0
1787609878,40,POST,/chat/completions,3.100000,0.000000,13000,13000,13000,13000,13000,13000,13000,13000,13000,13000,13000,991,0,2500,3762.582994047236,1084.9123999942094,13040.113700000802,351.0
1787609878,40,,Aggregated,3.100000,0.000000,13000,13000,13000,13000,13000,13000,13000,13000,13000,13000,13000,991,0,2500,3762.582994047236,1084.9123999942094,13040.113700000802,351.0
1787609879,40,POST,/chat/completions,3.100000,0.000000,13000,13000,13000,13000,13000,13000,13000,13000,13000,13000,13000,994,0,2500,3790.110792153742,1084.9123999942094,13088.303700002143,351.0
1787609879,40,,Aggregated,3.100000,0.000000,13000,13000,13000,13000,13000,13000,13000,13000,13000,13000,13000,994,0,2500,3790.110792153742,1084.9123999942094,13088.303700002143,351.0
1787609880,40,POST,/chat/completions,3.100000,0.000000,13000,13000,13000,13000,13000,13000,13000,13000,13000,13000,13000,998,0,2500,3826.78311332746,1084.9123999942094,13088.303700002143,351.0
1787609880,40,,Aggregated,3.100000,0.000000,13000,13000,13000,13000,13000,13000,13000,13000,13000,13000,13000,998,0,2500,3826.78311332746,1084.9123999942094,13088.303700002143,351.0
1787609881,40,POST,/chat/completions,3.000000,0.000000,13000,13000,13000,13000,13000,13000,13000,13000,13000,13000,13000,1001,0,2500,3853.6560899108995,1084.9123999942094,13088.303700002143,351.0
1787609881,40,,Aggregated,3.000000,0.000000,13000,13000,13000,13000,13000,13000,13000,13000,13000,13000,13000,1001,0,2500,3853.6560899108995,1084.9123999942094,13088.303700002143,351.0
1787609882,40,POST,/chat/completions,3.100000,0.000000,13000,13000,13000,13000,13000,13000,13000,13000,13000,13000,13000,1004,0,2500,3880.5265421322833,1084.9123999942094,13088.303700002143,351.0
1787609882,40,,Aggregated,3.100000,0.000000,13000,13000,13000,13000,13000,13000,13000,13000,13000,13000,13000,1004,0,2500,3880.5265421322833,1084.9123999942094,13088.303700002143,351.0
1787609883,40,POST,/chat/completions,3.100000,0.000000,13000,13000,13000,13000,13000,13000,13000,13000,13000,13000,13000,1006,0,2500,3898.8258586489405,1084.9123999942094,13199.692599999253,351.0
1787609883,40,,Aggregated,3.100000,0.000000,13000,13000,13000,13000,13000,13000,13000,13000,13000,13000,13000,1006,0,2500,3898.8258586489405,1084.9123999942094,13199.692599999253,351.0
1787609884,40,POST,/chat/completions,3.200000,0.000000,13000,13000,13000,13000,13000,13000,13000,13000,13000,13000,13000,1010,0,2500,3934.6848667335007,1084.9123999942094,13199.692599999253,351.0
1787609884,40,,Aggregated,3.200000,0.000000,13000,13000,13000,13000,13000,13000,13000,13000,13000,13000,13000,1010,0,2500,3934.6848667335007,1084.9123999942094,13199.692599999253,351.0
1787609885,40,POST,/chat/completions,3.000000,0.000000,13000,13000,13000,13000,13000,13000,13000,13000,13000,13000,13000,1013,0,2500,3961.2369863779245,1084.9123999942094,13199.692599999253,351.0
1787609885,40,,Aggregated,3.000000,0.000000,13000,13000,13000,13000,13000,13000,13000,13000,13000,13000,13000,1013,0,2500,3961.2369863779245,1084.9123999942094,13199.692599999253,351.0
1787609886,40,POST,/chat/completions,3.100000,0.000000,13000,13000,13000,13000,13000,13000,13000,13000,13000,13000,13000,1016,0,2500,3987.959499213451,1084.9123999942094,13201.446099992609,351.0
1787609886,40,,Aggregated,3.100000,0.000000,13000,13000,13000,13000,13000,13000,13000,13000,13000,13000,13000,1016,0,2500,3987.959499213451,1084.9123999942094,13201.446099992609,351.0
1787609887,40,POST,/chat/completions,3.100000,0.000000,13000,13000,13000,13000,13000,13000,13000,13000,13000,13000,13000,1018,0,2500,4005.644496169811,1084.9123999942094,13201.446099992609,351.0
1787609887,40,,Aggregated,3.100000,0.000000,13000,13000,13000,13000,13000,13000,13000,13000,13000,13000,13000,1018,0,2500,4005.644496169811,1084.9123999942094,13201.446099992609,351.0
1787609888,40,POST,/chat/completions,3.100000,0.000000,13000,13000,13000,13000,13000,13000,13000,13000,13000,13000,13000,1022,0,2600,4040.7107518599696,1084.9123999942094,13233.651399990777,351.0
1787609888,40,,Aggregated,3.100000,0.000000,13000,13000,13000,13000,13000,13000,13000,13000,13000,13000,13000,1022,0,2600,4040.7107518599696,1084.9123999942094,13233.651399990777,351.0
1787609889,40,POST,/chat/completions,3.000000,0.000000,13000,13000,13000,13000,13000,13000,13000,13000,13000,13000,13000,1026,0,2600,4075.2248561412157,1084.9123999942094,13233.651399990777,351.0
1787609889,40,,Aggregated,3.000000,0.000000,13000,13000,13000,13000,13000,13000,13000,13000,13000,13000,13000,1026,0,2600,4075.2248561412157,1084.9123999942094,13233.651399990777,351.0
1787609890,40,POST,/chat/completions,2.900000,0.000000,13000,13000,13000,13000,13000,13000,13000,13000,13000,13000,13000,1028,0,2600,4092.814142705156,1084.9123999942094,13314.265500026522,351.0
1787609890,40,,Aggregated,2.900000,0.000000,13000,13000,13000,13000,13000,13000,13000,13000,13000,13000,13000,1028,0,2600,4092.814142705156,1084.9123999942094,13314.265500026522,351.0
1787609892,40,POST,/chat/completions,3.000000,0.000000,13000,13000,13000,13000,13000,13000,13000,13000,13000,13000,13000,1030,0,2600,4109.977361748448,1084.9123999942094,13314.265500026522,351.0
1787609892,40,,Aggregated,3.000000,0.000000,13000,13000,13000,13000,13000,13000,13000,13000,13000,13000,13000,1030,0,2600,4109.977361748448,1084.9123999942094,13314.265500026522,351.0
1787609893,40,POST,/chat/completions,3.100000,0.000000,13000,13000,13000,13000,13000,13000,13000,13000,13000,13000,13000,1034,0,2600,4144.172080078231,1084.9123999942094,13355.252100009238,351.0
1787609893,40,,Aggregated,3.100000,0.000000,13000,13000,13000,13000,13000,13000,13000,13000,13000,13000,13000,1034,0,2600,4144.172080078231,1084.9123999942094,13355.252100009238,351.0
1787609894,40,POST,/chat/completions,3.000000,0.000000,13000,13000,13000,13000,13000,13000,13000,13000,13000,13000,13000,1038,0,2600,4177.900041137631,1084.9123999942094,13355.252100009238,351.0
1787609894,40,,Aggregated,3.000000,0.000000,13000,13000,13000,13000,13000,13000,13000,13000,13000,13000,13000,1038,0,2600,4177.900041137631,1084.9123999942094,13355.252100009238,351.0
1787609895,40,POST,/chat/completions,2.800000,0.000000,13000,13000,13000,13000,13000,13000,13000,13000,13000,13000,13000,1042,0,2700,4211.298691459548,1084.9123999942094,13355.252100009238,351.0
1787609895,40,,Aggregated,2.800000,0.000000,13000,13000,13000,13000,13000,13000,13000,13000,13000,13000,13000,1042,0,2700,4211.298691459548,1084.9123999942094,13355.252100009238,351.0
1787609896,40,POST,/chat/completions,3.100000,0.000000,13000,13000,13000,13000,13000,13000,13000,13000,13000,13000,13000,1050,5,2600,4216.032673334119,1.5921999874990433,13355.252100009238,349.4809523809524
1787609896,40,,Aggregated,3.100000,0.000000,13000,13000,13000,13000,13000,13000,13000,13000,13000,13000,13000,1050,5,2600,4216.032673334119,1.5921999874990433,13355.252100009238,349.4809523809524
1787609897,40,POST,/chat/completions,3.200000,0.000000,13000,13000,13000,13000,13000,13000,13000,13000,13000,13000,13000,1071,24,2600,4157.310963773,1.2380999978631735,13355.252100009238,343.8515406162465
1787609897,40,,Aggregated,3.200000,0.000000,13000,13000,13000,13000,13000,13000,13000,13000,13000,13000,13000,1071,24,2600,4157.310963773,1.2380999978631735,13355.252100009238,343.8515406162465
1787609898,40,POST,/chat/completions,3.200000,0.000000,13000,13000,13000,13000,13000,13000,13000,13000,13000,13000,13000,1074,24,2600,4181.076552235466,1.2380999978631735,13355.252100009238,343.87150837988827
1787609898,40,,Aggregated,3.200000,0.000000,13000,13000,13000,13000,13000,13000,13000,13000,13000,13000,13000,1074,24,2600,4181.076552235466,1.2380999978631735,13355.252100009238,343.87150837988827
1787609899,42,POST,/chat/completions,3.600000,0.400000,13000,13000,13000,13000,13000,13000,13000,13000,13000,13000,13000,1078,24,2600,4212.960974768882,1.2380999978631735,13355.252100009238,343.8979591836735
1787609899,42,,Aggregated,3.600000,0.400000,13000,13000,13000,13000,13000,13000,13000,13000,13000,13000,13000,1078,24,2600,4212.960974768882,1.2380999978631735,13355.252100009238,343.8979591836735
1787609900,44,POST,/chat/completions,5.400000,2.400000,13000,13000,13000,13000,13000,13000,13000,13000,13000,13000,13000,1082,24,2600,4244.593956470326,1.2380999978631735,13355.252100009238,343.9242144177449
1787609900,44,,Aggregated,5.400000,2.400000,13000,13000,13000,13000,13000,13000,13000,13000,13000,13000,13000,1082,24,2600,4244.593956470326,1.2380999978631735,13355.252100009238,343.9242144177449
1787609901,46,POST,/chat/completions,5.600000,2.400000,13000,13000,13000,13000,13000,13000,13000,13000,13000,13000,13000,1084,24,2600,4260.3239654067465,1.2380999978631735,13355.252100009238,343.9372693726937
1787609901,46,,Aggregated,5.600000,2.400000,13000,13000,13000,13000,13000,13000,13000,13000,13000,13000,13000,1084,24,2600,4260.3239654067465,1.2380999978631735,13355.252100009238,343.9372693726937
1787609902,48,POST,/chat/completions,5.600000,2.400000,13000,13000,13000,13000,13000,13000,13000,13000,13000,13000,13000,1086,24,2600,4275.790980203431,1.2380999978631735,13355.252100009238,343.9502762430939
1787609902,48,,Aggregated,5.600000,2.400000,13000,13000,13000,13000,13000,13000,13000,13000,13000,13000,13000,1086,24,2600,4275.790980203431,1.2380999978631735,13355.252100009238,343.9502762430939
1787609903,50,POST,/chat/completions,5.600000,2.400000,12000,13000,13000,13000,13000,13000,13000,13000,13000,13000,13000,1090,24,2700,4306.730022019179,1.2380999978631735,13355.252100009238,343.97614678899083
1787609903,50,,Aggregated,5.600000,2.400000,12000,13000,13000,13000,13000,13000,13000,13000,13000,13000,13000,1090,24,2700,4306.730022019179,1.2380999978631735,13355.252100009238,343.97614678899083
1787609904,52,POST,/chat/completions,5.600000,2.400000,12000,13000,13000,13000,13000,13000,13000,13000,13000,13000,13000,1094,24,2700,4337.078658410318,1.2380999978631735,13355.252100009238,344.0018281535649
1787609904,52,,Aggregated,5.600000,2.400000,12000,13000,13000,13000,13000,13000,13000,13000,13000,13000,13000,1094,24,2700,4337.078658410318,1.2380999978631735,13355.252100009238,344.0018281535649
1787609905,54,POST,/chat/completions,5.600000,2.400000,12000,13000,13000,13000,13000,13000,13000,13000,13000,13000,13000,1098,24,2700,4366.840250274044,1.2380999978631735,13355.252100009238,344.0273224043716
1787609905,54,,Aggregated,5.600000,2.400000,12000,13000,13000,13000,13000,13000,13000,13000,13000,13000,13000,1098,24,2700,4366.840250274044,1.2380999978631735,13355.252100009238,344.0273224043716
1787609906,56,POST,/chat/completions,5.600000,2.400000,13000,13000,13000,13000,13000,13000,13000,13000,13000,13000,13000,1100,24,2700,4381.641734546284,1.2380999978631735,13355.252100009238,344.04
1787609906,56,,Aggregated,5.600000,2.400000,13000,13000,13000,13000,13000,13000,13000,13000,13000,13000,13000,1100,24,2700,4381.641734546284,1.2380999978631735,13355.252100009238,344.04
1787609907,58,POST,/chat/completions,5.500000,2.400000,13000,13000,13000,13000,13000,13000,13000,13000,13000,13000,13000,1103,24,2700,4404.049396193036,1.2380999978631735,13355.252100009238,344.05893019038984
1787609907,58,,Aggregated,5.500000,2.400000,13000,13000,13000,13000,13000,13000,13000,13000,13000,13000,13000,1103,24,2700,4404.049396193036,1.2380999978631735,13355.252100009238,344.05893019038984
1787609908,60,POST,/chat/completions,5.500000,2.400000,13000,13000,13000,13000,13000,13000,13000,13000,13000,13000,13000,1106,24,2700,4426.670072152716,1.2380999978631735,13355.252100009238,344.0777576853526
1787609908,60,,Aggregated,5.500000,2.400000,13000,13000,13000,13000,13000,13000,13000,13000,13000,13000,13000,1106,24,2700,4426.670072152716,1.2380999978631735,13355.252100009238,344.0777576853526
1787609909,60,POST,/chat/completions,5.000000,2.000000,13000,13000,13000,13000,13000,13000,13000,13000,13000,13000,13000,1109,24,2700,4446.9474551856665,1.2380999978631735,13355.252100009238,344.09648331830476
1787609909,60,,Aggregated,5.000000,2.000000,13000,13000,13000,13000,13000,13000,13000,13000,13000,13000,13000,1109,24,2700,4446.9474551856665,1.2380999978631735,13355.252100009238,344.09648331830476
1787609910,60,POST,/chat/completions,3.200000,0.000000,13000,13000,13000,13000,13000,13000,13000,13000,13000,13000,13000,1113,24,2700,4476.218494070858,1.2380999978631735,13355.252100009238,344.1212938005391
1787609910,60,,Aggregated,3.200000,0.000000,13000,13000,13000,13000,13000,13000,13000,13000,13000,13000,13000,1113,24,2700,4476.218494070858,1.2380999978631735,13355.252100009238,344.1212938005391
1787609911,60,POST,/chat/completions,3.100000,0.000000,13000,13000,13000,13000,13000,13000,13000,13000,13000,13000,13000,1115,24,2700,4491.225395516457,1.2380999978631735,13355.252100009238,344.1336322869955
1787609911,60,,Aggregated,3.100000,0.000000,13000,13000,13000,13000,13000,13000,13000,13000,13000,13000,13000,1115,24,2700,4491.225395516457,1.2380999978631735,13355.252100009238,344.1336322869955
1787609912,60,POST,/chat/completions,3.100000,0.000000,13000,13000,13000,13000,13000,13000,13000,13000,13000,13000,13000,1118,24,2700,4513.986631575015,1.2380999978631735,13381.273800012423,344.1520572450805
1787609912,60,,Aggregated,3.100000,0.000000,13000,13000,13000,13000,13000,13000,13000,13000,13000,13000,13000,1118,24,2700,4513.986631575015,1.2380999978631735,13381.273800012423,344.1520572450805
1787609913,60,POST,/chat/completions,3.000000,0.000000,13000,13000,13000,13000,13000,13000,14000,14000,14000,14000,14000,1121,24,2700,4538.010309099785,1.2380999978631735,13790.342699998291,344.17038358608386
1787609913,60,,Aggregated,3.000000,0.000000,13000,13000,13000,13000,13000,13000,14000,14000,14000,14000,14000,1121,24,2700,4538.010309099785,1.2380999978631735,13790.342699998291,344.17038358608386
1787609914,60,POST,/chat/completions,3.000000,0.000000,13000,13000,13000,13000,14000,14000,14000,14000,14000,14000,14000,1124,24,2700,4562.595194217838,1.2380999978631735,13964.614800002892,344.1886120996441
1787609914,60,,Aggregated,3.000000,0.000000,13000,13000,13000,13000,14000,14000,14000,14000,14000,14000,14000,1124,24,2700,4562.595194217838,1.2380999978631735,13964.614800002892,344.1886120996441
1787609915,60,POST,/chat/completions,3.200000,0.000000,13000,13000,14000,14000,14000,14000,14000,14000,14000,14000,14000,1127,24,2700,4588.479450045129,1.2380999978631735,14444.406099995831,344.20674356699203
1787609915,60,,Aggregated,3.200000,0.000000,13000,13000,14000,14000,14000,14000,14000,14000,14000,14000,14000,1127,24,2700,4588.479450045129,1.2380999978631735,14444.406099995831,344.20674356699203
1787609916,60,POST,/chat/completions,3.100000,0.000000,13000,14000,14000,14000,15000,15000,15000,15000,15000,15000,15000,1131,24,2700,4623.9821175958405,1.2380999978631735,14667.825999989873,344.2307692307692
1787609916,60,,Aggregated,3.100000,0.000000,13000,14000,14000,14000,15000,15000,15000,15000,15000,15000,15000,1131,24,2700,4623.9821175958405,1.2380999978631735,14667.825999989873,344.2307692307692
1787609917,60,POST,/chat/completions,3.000000,0.000000,14000,14000,15000,15000,15000,15000,15000,15000,15000,15000,15000,1134,24,2700,4651.8328996480495,1.2380999978631735,15275.650700001279,344.24867724867727
1787609917,60,,Aggregated,3.000000,0.000000,14000,14000,15000,15000,15000,15000,15000,15000,15000,15000,15000,1134,24,2700,4651.8328996480495,1.2380999978631735,15275.650700001279,344.24867724867727
1787609918,60,POST,/chat/completions,3.200000,0.000000,14000,15000,15000,15000,15000,16000,16000,16000,16000,16000,16000,1138,24,2800,4689.323786468284,1.2380999978631735,15583.650999993552,344.2724077328647
1787609918,60,,Aggregated,3.200000,0.000000,14000,15000,15000,15000,15000,16000,16000,16000,16000,16000,16000,1138,24,2800,4689.323786468284,1.2380999978631735,15583.650999993552,344.2724077328647
1787609919,60,POST,/chat/completions,3.200000,0.000000,14000,15000,15000,15000,16000,16000,16000,16000,16000,16000,16000,1140,24,2800,4709.055997193777,1.2380999978631735,15990.211800002726,344.2842105263158
1787609919,60,,Aggregated,3.200000,0.000000,14000,15000,15000,15000,16000,16000,16000,16000,16000,16000,16000,1140,24,2800,4709.055997193777,1.2380999978631735,15990.211800002726,344.2842105263158
1787609920,60,POST,/chat/completions,3.200000,0.000000,15000,15000,16000,16000,16000,16000,16000,16000,16000,16000,16000,1144,24,2800,4748.503214161617,1.2380999978631735,16185.333000001265,344.3076923076923
1787609920,60,,Aggregated,3.200000,0.000000,15000,15000,16000,16000,16000,16000,16000,16000,16000,16000,16000,1144,24,2800,4748.503214161617,1.2380999978631735,16185.333000001265,344.3076923076923
1787609921,60,POST,/chat/completions,3.000000,0.000000,15000,16000,16000,16000,16000,17000,17000,17000,17000,17000,17000,1147,24,2800,4779.610716304169,1.2380999978631735,16854.339499986963,344.32519616390584
1787609921,60,,Aggregated,3.000000,0.000000,15000,16000,16000,16000,16000,17000,17000,17000,17000,17000,17000,1147,24,2800,4779.610716304169,1.2380999978631735,16854.339499986963,344.32519616390584
1787609922,60,POST,/chat/completions,3.200000,0.000000,16000,16000,16000,17000,17000,17000,17000,17000,17000,17000,17000,1151,24,2800,4822.075471156286,1.2380999978631735,17419.272300001467,344.34839270199825
1787609922,60,,Aggregated,3.200000,0.000000,16000,16000,16000,17000,17000,17000,17000,17000,17000,17000,17000,1151,24,2800,4822.075471156286,1.2380999978631735,17419.272300001467,344.34839270199825
1787609923,60,POST,/chat/completions,3.300000,0.000000,16000,16000,17000,17000,17000,17000,17000,17000,17000,17000,17000,1154,24,2800,4854.736771924545,1.2380999978631735,17425.027600023896,344.36568457538993
1787609923,60,,Aggregated,3.300000,0.000000,16000,16000,17000,17000,17000,17000,17000,17000,17000,17000,17000,1154,24,2800,4854.736771924545,1.2380999978631735,17425.027600023896,344.36568457538993
1787609924,60,POST,/chat/completions,3.300000,0.000000,16000,17000,17000,17000,17000,18000,18000,18000,18000,18000,18000,1156,24,2800,4877.094016696288,1.2380999978631735,17784.339099976933,344.3771626297578
1787609924,60,,Aggregated,3.300000,0.000000,16000,17000,17000,17000,17000,18000,18000,18000,18000,18000,18000,1156,24,2800,4877.094016696288,1.2380999978631735,17784.339099976933,344.3771626297578
1787609925,60,POST,/chat/completions,3.100000,0.000000,17000,17000,17000,17000,18000,18000,18000,18000,18000,18000,18000,1159,24,2800,4910.795240725545,1.2380999978631735,18021.19230001699,344.39430543572047
1787609925,60,,Aggregated,3.100000,0.000000,17000,17000,17000,17000,18000,18000,18000,18000,18000,18000,18000,1159,24,2800,4910.795240725545,1.2380999978631735,18021.19230001699,344.39430543572047
1787609926,60,POST,/chat/completions,3.100000,0.000000,17000,17000,18000,18000,18000,18000,19000,19000,19000,19000,19000,1163,24,2800,4957.274217197645,1.2380999978631735,18761.333899979945,344.4170249355116
1787609926,60,,Aggregated,3.100000,0.000000,17000,17000,18000,18000,18000,18000,19000,19000,19000,19000,19000,1163,24,2800,4957.274217197645,1.2380999978631735,18761.333899979945,344.4170249355116
1787609927,60,POST,/chat/completions,3.200000,0.000000,17000,18000,18000,18000,19000,19000,19000,19000,19000,19000,19000,1167,24,2800,5005.226940789126,1.2380999978631735,19129.691300011473,344.439588688946
1787609927,60,,Aggregated,3.200000,0.000000,17000,18000,18000,18000,19000,19000,19000,19000,19000,19000,19000,1167,24,2800,5005.226940789126,1.2380999978631735,19129.691300011473,344.439588688946
1787609928,60,POST,/chat/completions,3.200000,0.000000,18000,18000,19000,19000,19000,19000,20000,20000,20000,20000,20000,1170,24,2800,5041.290142906742,1.2380999978631735,19521.636599994963,344.45641025641027
1787609928,60,,Aggregated,3.200000,0.000000,18000,18000,19000,19000,19000,19000,20000,20000,20000,20000,20000,1170,24,2800,5041.290142906742,1.2380999978631735,19521.636599994963,344.45641025641027
1787609929,60,POST,/chat/completions,3.200000,0.000000,18000,19000,19000,19000,19000,19000,20000,20000,20000,20000,20000,1174,24,2800,5088.251776065472,1.2380999978631735,19521.636599994963,344.4787052810903
1787609929,60,,Aggregated,3.200000,0.000000,18000,19000,19000,19000,19000,19000,20000,20000,20000,20000,20000,1174,24,2800,5088.251776065472,1.2380999978631735,19521.636599994963,344.4787052810903
1787609930,60,POST,/chat/completions,3.200000,0.000000,18000,19000,19000,19000,19000,19000,20000,20000,20000,20000,20000,1175,24,2800,5099.810469873086,1.2380999978631735,19521.636599994963,344.48425531914893
1787609930,60,,Aggregated,3.200000,0.000000,18000,19000,19000,19000,19000,19000,20000,20000,20000,20000,20000,1175,24,2800,5099.810469873086,1.2380999978631735,19521.636599994963,344.48425531914893
1787609931,60,POST,/chat/completions,3.100000,0.000000,19000,19000,19000,19000,19000,19000,20000,20000,20000,20000,20000,1179,24,2800,5146.329868703014,1.2380999978631735,19521.636599994963,344.5063613231552
1787609931,60,,Aggregated,3.100000,0.000000,19000,19000,19000,19000,19000,19000,20000,20000,20000,20000,20000,1179,24,2800,5146.329868703014,1.2380999978631735,19521.636599994963,344.5063613231552
1787609932,60,POST,/chat/completions,3.100000,0.000000,19000,19000,19000,19000,19000,19000,20000,20000,20000,20000,20000,1182,24,2800,5180.712625296821,1.2380999978631735,19521.636599994963,344.52284263959393
1787609932,60,,Aggregated,3.100000,0.000000,19000,19000,19000,19000,19000,19000,20000,20000,20000,20000,20000,1182,24,2800,5180.712625296821,1.2380999978631735,19521.636599994963,344.52284263959393
1787609933,60,POST,/chat/completions,3.100000,0.000000,19000,19000,19000,19000,19000,19000,20000,20000,20000,20000,20000,1186,24,2900,5226.028062479641,1.2380999978631735,19521.636599994963,344.5446880269815
1787609933,60,,Aggregated,3.100000,0.000000,19000,19000,19000,19000,19000,19000,20000,20000,20000,20000,20000,1186,24,2900,5226.028062479641,1.2380999978631735,19521.636599994963,344.5446880269815
1787609934,60,POST,/chat/completions,3.300000,0.000000,19000,19000,19000,19000,19000,19000,20000,20000,20000,20000,20000,1189,24,2900,5260.008856182385,1.2380999978631735,19521.636599994963,344.5609756097561
1787609934,60,,Aggregated,3.300000,0.000000,19000,19000,19000,19000,19000,19000,20000,20000,20000,20000,20000,1189,24,2900,5260.008856182385,1.2380999978631735,19521.636599994963,344.5609756097561
1787609935,60,POST,/chat/completions,3.300000,0.000000,19000,19000,19000,19000,19000,19000,20000,20000,20000,20000,20000,1191,24,2900,5282.530110748009,1.2380999978631735,19521.636599994963,344.57178841309826
1787609935,60,,Aggregated,3.300000,0.000000,19000,19000,19000,19000,19000,19000,20000,20000,20000,20000,20000,1191,24,2900,5282.530110748009,1.2380999978631735,19521.636599994963,344.57178841309826
1787609936,60,POST,/chat/completions,3.100000,0.000000,19000,19000,19000,19000,19000,19000,20000,20000,20000,20000,20000,1195,24,2900,5327.461039163922,1.2380999978631735,19521.636599994963,344.59330543933055
1787609936,60,,Aggregated,3.100000,0.000000,19000,19000,19000,19000,19000,19000,20000,20000,20000,20000,20000,1195,24,2900,5327.461039163922,1.2380999978631735,19521.636599994963,344.59330543933055
1787609937,60,POST,/chat/completions,3.100000,0.000000,19000,19000,19000,19000,19000,19000,20000,20000,20000,20000,20000,1198,24,2900,5361.04569232128,1.2380999978631735,19521.636599994963,344.6093489148581
1787609937,60,,Aggregated,3.100000,0.000000,19000,19000,19000,19000,19000,19000,20000,20000,20000,20000,20000,1198,24,2900,5361.04569232128,1.2380999978631735,19521.636599994963,344.6093489148581
1787609938,60,POST,/chat/completions,3.100000,0.000000,19000,19000,19000,19000,19000,19000,19000,19000,19000,19000,19000,1202,24,2900,5405.750730283633,1.2380999978631735,19521.636599994963,344.630615640599
1787609938,60,,Aggregated,3.100000,0.000000,19000,19000,19000,19000,19000,19000,19000,19000,19000,19000,19000,1202,24,2900,5405.750730283633,1.2380999978631735,19521.636599994963,344.630615640599
1787609939,60,POST,/chat/completions,3.200000,0.000000,19000,19000,19000,19000,19000,19000,19000,19000,19000,19000,19000,1206,24,3000,5450.105720398738,1.2380999978631735,19521.636599994963,344.6517412935323
1787609939,60,,Aggregated,3.200000,0.000000,19000,19000,19000,19000,19000,19000,19000,19000,19000,19000,19000,1206,24,3000,5450.105720398738,1.2380999978631735,19521.636599994963,344.6517412935323
1787609940,60,POST,/chat/completions,3.200000,0.000000,19000,19000,19000,19000,19000,19000,19000,19000,19000,19000,19000,1207,24,3000,5461.087915162295,1.2380999978631735,19521.636599994963,344.65700082850043
1787609940,60,,Aggregated,3.200000,0.000000,19000,19000,19000,19000,19000,19000,19000,19000,19000,19000,19000,1207,24,3000,5461.087915162295,1.2380999978631735,19521.636599994963,344.65700082850043
1787609941,60,POST,/chat/completions,3.200000,0.000000,19000,19000,19000,19000,19000,19000,19000,19000,19000,19000,19000,1211,24,3000,5505.174373245985,1.2380999978631735,19521.636599994963,344.6779521056978
1787609941,60,,Aggregated,3.200000,0.000000,19000,19000,19000,19000,19000,19000,19000,19000,19000,19000,19000,1211,24,3000,5505.174373245985,1.2380999978631735,19521.636599994963,344.6779521056978
1787609942,60,POST,/chat/completions,3.200000,0.000000,19000,19000,19000,19000,19000,19000,19000,19000,19000,19000,19000,1215,24,3000,5548.507462387594,1.2380999978631735,19521.636599994963,344.69876543209875
1787609942,60,,Aggregated,3.200000,0.000000,19000,19000,19000,19000,19000,19000,19000,19000,19000,19000,19000,1215,24,3000,5548.507462387594,1.2380999978631735,19521.636599994963,344.69876543209875
1787609943,60,POST,/chat/completions,3.300000,0.000000,19000,19000,19000,19000,19000,19000,19000,19000,19000,19000,19000,1219,24,3000,5591.044235357616,1.2380999978631735,19521.636599994963,344.7194421657096
1787609943,60,,Aggregated,3.300000,0.000000,19000,19000,19000,19000,19000,19000,19000,19000,19000,19000,19000,1219,24,3000,5591.044235357616,1.2380999978631735,19521.636599994963,344.7194421657096
1787609944,60,POST,/chat/completions,3.200000,0.000000,19000,19000,19000,19000,19000,19000,19000,19000,19000,19000,19000,1223,24,3000,5632.943268357256,1.2380999978631735,19521.636599994963,344.7399836467702
1787609944,60,,Aggregated,3.200000,0.000000,19000,19000,19000,19000,19000,19000,19000,19000,19000,19000,19000,1223,24,3000,5632.943268357256,1.2380999978631735,19521.636599994963,344.7399836467702
1787609945,60,POST,/chat/completions,3.200000,0.000000,19000,19000,19000,19000,19000,19000,19000,19000,19000,19000,19000,1226,24,3100,5664.075574878432,1.2380999978631735,19521.636599994963,344.7553017944535
1787609945,60,,Aggregated,3.200000,0.000000,19000,19000,19000,19000,19000,19000,19000,19000,19000,19000,19000,1226,24,3100,5664.075574878432,1.2380999978631735,19521.636599994963,344.7553017944535
1787609946,60,POST,/chat/completions,3.200000,0.000000,19000,19000,19000,19000,19000,19000,19000,19000,19000,19000,19000,1227,24,3100,5674.5126462925455,1.2380999978631735,19521.636599994963,344.76039119804403
1787609946,60,,Aggregated,3.200000,0.000000,19000,19000,19000,19000,19000,19000,19000,19000,19000,19000,19000,1227,24,3100,5674.5126462925455,1.2380999978631735,19521.636599994963,344.76039119804403
1787609947,60,POST,/chat/completions,3.200000,0.000000,19000,19000,19000,19000,19000,19000,19000,19000,19000,19000,19000,1231,24,3100,5716.048311698563,1.2380999978631735,19521.636599994963,344.78066612510156
1787609947,60,,Aggregated,3.200000,0.000000,19000,19000,19000,19000,19000,19000,19000,19000,19000,19000,19000,1231,24,3100,5716.048311698563,1.2380999978631735,19521.636599994963,344.78066612510156
1787609948,60,POST,/chat/completions,3.300000,0.000000,19000,19000,19000,19000,19000,19000,19000,19000,19000,19000,19000,1235,24,3100,5757.266309069563,1.2380999978631735,19521.636599994963,344.8008097165992
1787609948,60,,Aggregated,3.300000,0.000000,19000,19000,19000,19000,19000,19000,19000,19000,19000,19000,19000,1235,24,3100,5757.266309069563,1.2380999978631735,19521.636599994963,344.8008097165992
1787609949,60,POST,/chat/completions,3.200000,0.000000,18000,19000,19000,19000,19000,19000,19000,19000,19000,19000,19000,1238,24,3100,5788.388335541946,1.2380999978631735,19521.636599994963,344.8158319870759
1787609949,60,,Aggregated,3.200000,0.000000,18000,19000,19000,19000,19000,19000,19000,19000,19000,19000,19000,1238,24,3100,5788.388335541946,1.2380999978631735,19521.636599994963,344.8158319870759
1787609950,60,POST,/chat/completions,3.300000,0.000000,18000,19000,19000,19000,19000,19000,19000,19000,19000,19000,19000,1241,24,3100,5819.143859871793,1.2380999978631735,19521.636599994963,344.8307816277196
1787609950,60,,Aggregated,3.300000,0.000000,18000,19000,19000,19000,19000,19000,19000,19000,19000,19000,19000,1241,24,3100,5819.143859871793,1.2380999978631735,19521.636599994963,344.8307816277196
1787609951,60,POST,/chat/completions,3.300000,0.000000,18000,19000,19000,19000,19000,19000,19000,19000,19000,19000,19000,1243,24,3200,5839.422992921085,1.2380999978631735,19521.636599994963,344.8407079646018
1787609951,60,,Aggregated,3.300000,0.000000,18000,19000,19000,19000,19000,19000,19000,19000,19000,19000,19000,1243,24,3200,5839.422992921085,1.2380999978631735,19521.636599994963,344.8407079646018
1787609952,60,POST,/chat/completions,3.200000,0.000000,18000,19000,19000,19000,19000,19000,19000,19000,19000,19000,19000,1247,24,3200,5880.665320129047,1.2380999978631735,19521.636599994963,344.86046511627904
1787609952,60,,Aggregated,3.200000,0.000000,18000,19000,19000,19000,19000,19000,19000,19000,19000,19000,19000,1247,24,3200,5880.665320129047,1.2380999978631735,19521.636599994963,344.86046511627904
1787609953,60,POST,/chat/completions,3.200000,0.000000,18000,19000,19000,19000,19000,19000,19000,19000,19000,19000,19000,1250,24,3200,5911.1602008807495,1.2380999978631735,19521.636599994963,344.8752
1787609953,60,,Aggregated,3.200000,0.000000,18000,19000,19000,19000,19000,19000,19000,19000,19000,19000,19000,1250,24,3200,5911.1602008807495,1.2380999978631735,19521.636599994963,344.8752
1787609954,60,POST,/chat/completions,3.200000,0.000000,18000,19000,19000,19000,19000,19000,19000,19000,19000,19000,19000,1255,26,3200,5931.916954184016,1.2380999978631735,19521.636599994963,344.39123505976096
1787609954,60,,Aggregated,3.200000,0.000000,18000,19000,19000,19000,19000,19000,19000,19000,19000,19000,19000,1255,26,3200,5931.916954184016,1.2380999978631735,19521.636599994963,344.39123505976096
1787609955,60,POST,/chat/completions,3.100000,0.000000,18000,18000,19000,19000,19000,19000,19000,19000,19000,19000,19000,1282,49,3100,5865.271772543577,1.2132999836467206,19521.636599994963,338.8073322932917
1787609955,60,,Aggregated,3.100000,0.000000,18000,18000,19000,19000,19000,19000,19000,19000,19000,19000,19000,1282,49,3100,5865.271772543577,1.2132999836467206,19521.636599994963,338.8073322932917
1787609956,60,POST,/chat/completions,3.200000,0.000000,2,2,18000,18000,19000,19000,19000,19000,19000,19000,19000,1339,102,2900,5671.376401494403,1.1495999933686107,19521.636599994963,326.69977595220314
1787609956,60,,Aggregated,3.200000,0.000000,2,2,18000,18000,19000,19000,19000,19000,19000,19000,19000,1339,102,2900,5671.376401494403,1.1495999933686107,19521.636599994963,326.69977595220314
1787609957,60,POST,/chat/completions,4.100000,0.900000,2,2,3,18000,19000,19000,19000,19000,19000,19000,19000,1355,117,2800,5618.387470554244,1.1495999933686107,19521.636599994963,323.4553505535055
1787609957,60,,Aggregated,4.100000,0.900000,2,2,3,18000,19000,19000,19000,19000,19000,19000,19000,1355,117,2800,5618.387470554244,1.1495999933686107,19521.636599994963,323.4553505535055
1787609958,58,POST,/chat/completions,4.100000,0.900000,2,2,3,18000,19000,19000,19000,19000,19000,19000,19000,1358,117,2800,5647.220775479363,1.1495999933686107,19521.636599994963,323.5162002945508
1787609958,58,,Aggregated,4.100000,0.900000,2,2,3,18000,19000,19000,19000,19000,19000,19000,19000,1358,117,2800,5647.220775479363,1.1495999933686107,19521.636599994963,323.5162002945508
1787609959,54,POST,/chat/completions,12.400000,9.300000,2,2,3,18000,19000,19000,19000,19000,19000,19000,19000,1362,117,2800,5685.961754552866,1.1495999933686107,19521.636599994963,323.5969162995595
1787609959,54,,Aggregated,12.400000,9.300000,2,2,3,18000,19000,19000,19000,19000,19000,19000,19000,1362,117,2800,5685.961754552866,1.1495999933686107,19521.636599994963,323.5969162995595
1787609960,51,POST,/chat/completions,12.500000,9.300000,2,2,3,18000,19000,19000,19000,19000,19000,19000,19000,1365,117,2800,5714.97311245496,1.1495999933686107,19521.636599994963,323.65714285714284
1787609960,51,,Aggregated,12.500000,9.300000,2,2,3,18000,19000,19000,19000,19000,19000,19000,19000,1365,117,2800,5714.97311245496,1.1495999933686107,19521.636599994963,323.65714285714284
1787609961,47,POST,/chat/completions,12.400000,9.300000,2,2,3,19000,19000,19000,19000,19000,19000,19000,19000,1369,117,2900,5753.424624763374,1.1495999933686107,19521.636599994963,323.73703433162893
1787609961,47,,Aggregated,12.400000,9.300000,2,2,3,19000,19000,19000,19000,19000,19000,19000,19000,1369,117,2900,5753.424624763374,1.1495999933686107,19521.636599994963,323.73703433162893
1787609962,44,POST,/chat/completions,12.500000,9.300000,2,2,3,19000,19000,19000,19000,19000,19000,19000,19000,1372,117,2900,5782.795217129041,1.1495999933686107,19521.636599994963,323.7966472303207
1787609962,44,,Aggregated,12.500000,9.300000,2,2,3,19000,19000,19000,19000,19000,19000,19000,19000,1372,117,2900,5782.795217129041,1.1495999933686107,19521.636599994963,323.7966472303207
